Date,Open,High,Low,Close,Volume,MA_7,MA_14,MA_30,RSI_14,MACD,Signal,Hist,BB_upper,BB_lower,Daily_Return,Close_lag1,Close_lag2,Close_lag5,Vol_MA_7,Target
2025-05-12,210.32994399020487,210.62903686932515,206.12274573806783,210.1504821777344,63775800,199.99781363351005,204.50200871058874,201.33570861816406,62.4557850690889,-1.4587583349055535,-1.9178851301219755,0.45912679521642197,215.33154668801006,189.33638086325948,6.314610276877364,197.66848754882807,196.63299560546875,198.02691650390625,62927271.428571425,212.28399658203125
2025-05-13,209.79158118866215,212.75257189298435,208.36592688565327,212.28399658203125,51909300,201.11568559919084,205.1142850603376,201.03963979085287,60.06944718292943,-0.5541422022156723,-1.6451365445407151,1.0909943423250428,216.5951466531463,189.13706465056464,1.015231743552425,210.1504821777344,197.66848754882807,197.6485595703125,55912800.0,211.68582153320312
2025-05-14,211.78550901932945,213.29093762104836,209.94113079478424,211.68582153320312,49325800,203.06695774623327,205.41571807861328,200.6884521484375,55.3542817449593,0.11319997422705796,-1.2934692407871604,1.4066692150142184,217.64131232023763,189.13319939851235,-0.28178056681582575,212.28399658203125,210.1504821777344,195.3983612060547,53099557.14285714,210.8085021972656
2025-05-15,210.31001909194575,212.3139309113297,208.90429308394448,210.8085021972656,45029500,204.9469495500837,205.5897663661412,200.2847880045573,53.09383449486934,0.5647707925136274,-0.9218212341270028,1.48659202664063,218.06599809697286,190.44666822382794,-0.41444407073806255,211.68582153320312,212.28399658203125,196.63299560546875,52215700.0,210.61907958984372
2025-05-16,211.71574852428404,211.9251181254035,209.13360964796243,210.61907958984372,54737900,207.121337890625,205.68912288120814,200.5618153889974,51.79655635069659,0.8970188234279703,-0.5580532226160082,1.4550720460439786,218.51245845631252,191.44959446116798,-0.08985529779279577,210.8085021972656,211.68582153320312,197.66848754882807,50244442.85714286,208.14659118652344
2025-05-19,207.27923550566183,208.84446444770492,203.64029993754312,208.14659118652344,46140500,208.7661372593471,205.53577423095703,201.2479507446289,47.32441280770645,0.949869130877488,-0.25646875191730895,1.206337882794797,217.97206285047,193.57247145128784,-1.1739147318159282,210.61907958984372,210.8085021972656,210.1504821777344,49624671.428571425,206.232421875
2025-05-20,207.03996203611737,207.83753801206535,204.40797196423648,206.232421875,42496600,209.98955644880022,205.1539579119001,202.09994608561198,43.441128210274535,0.8277540804571402,-0.03962418544241911,0.8673782658995592,217.8998674938352,194.38058599737576,-0.9196255872420789,208.14659118652344,210.61907958984372,212.28399658203125,50487914.28571428,201.47689819335935
2025-05-21,204.54755595275296,206.4118779017609,200.10109516487896,201.47689819335935,59211800,208.7504730224609,204.37414332798548,203.09344940185548,37.78504375806876,0.3432887862309997,0.03695840889226465,0.306330377338735,217.92693594319744,194.12999459879475,-2.305904977696982,206.232421875,208.14659118652344,211.68582153320312,49835914.28571428,200.7491149902344
2025-05-22,200.1010930441042,202.13489740214877,199.0941474443519,200.7491149902344,46742400,207.1026327950614,204.1091591971261,203.18551686604818,45.05112854070953,-0.09824694238611187,0.009917338636589345,-0.10816428102270122,217.79765315840166,193.5876129548796,-0.3612241451258047,201.47689819335935,206.232421875,210.8085021972656,49097785.71428572,194.6775665283203
2025-05-23,193.08241474951325,197.1001867487955,192.87306039619787,194.6775665283203,78432900,204.67288208007812,203.86991991315568,203.3549799601237,45.48855877145783,-0.9273999182658201,-0.17754611274389256,-0.7498538055219276,217.99213444114298,192.02370570778282,-3.024445941995535,200.7491149902344,201.47689819335935,210.61907958984372,53255942.85714286,199.60260009765625
2025-05-27,197.6983910952664,200.1309909415137,196.83102019804124,199.60260009765625,56288500,203.07203892299108,204.0094942365374,203.43206227620442,52.344813140035484,-1.1735723648539818,-0.3767513631659104,-0.7968210016880714,217.56567064994817,191.4876206708526,2.5298413459567737,194.6775665283203,200.7491149902344,208.14659118652344,54864371.428571425,199.8119659423828
2025-05-28,199.98144837254893,202.11495545301855,199.29353925378825,199.8119659423828,45339700,201.52816554478235,204.3247517177037,203.37108917236327,55.569011459552705,-1.336366922403755,-0.5686744750134793,-0.7676924473902758,216.90753174651314,191.097608939522,0.1048913414074315,199.60260009765625,194.6775665283203,206.232421875,53521771.428571425,199.34336853027344
2025-05-29,202.96236033905296,203.19165828241367,197.90773491315443,199.34336853027344,51396800,200.27056230817522,204.51834978376115,203.3071075439453,53.48731740012887,-1.4860642533884914,-0.7521524306884817,-0.7339118227000097,215.9388157181549,190.8428767867279,-0.23451919403290056,199.8119659423828,199.60260009765625,201.47689819335935,54272671.428571425,200.24066162109372
2025-05-30,198.7651407343476,201.3472946799051,196.18300200128655,200.24066162109372,70819900,199.41459655761716,204.7020765032087,203.53423105875652,53.32131457619107,-1.5148343458793079,-0.904688813726647,-0.6101455321526609,214.65414338941898,190.91218504075678,0.4501243745582695,199.34336853027344,199.8119659423828,200.7491149902344,58318857.14285714,201.08807373046875
2025-06-02,199.6723835925692,201.51677709467236,199.51286535414476,201.08807373046875,35423300,199.35905020577567,204.0547616141183,203.6996597290039,33.272063793926975,-1.4525121207766176,-1.0142534751366412,-0.4382586456399764,214.48114264081482,190.74810388018125,0.4231968185255841,200.24066162109372,199.34336853027344,194.6775665283203,54920500.0,202.6533203125
2025-06-03,200.73914706631285,203.1518034040851,200.3503308633764,202.6533203125,46381600,199.6310795375279,203.36685616629464,204.0440444946289,31.842190964882107,-1.2622683467503464,-1.0638564494593823,-0.1984118972909641,214.51463393835164,191.17725296350383,0.7783885702387527,201.08807373046875,200.24066162109372,199.60260009765625,54868957.14285714,202.2046813964844
2025-06-04,202.29440469878628,205.6143037964219,201.48686455307688,202.2046813964844,43604000,200.70638166155135,202.68963187081474,204.15509287516275,32.022759282340814,-1.1346209917765862,-1.0780093579228232,-0.056611633853763,214.4903820031303,191.65711708134236,-0.22138246505104542,202.6533203125,201.08807373046875,199.8119659423828,49893400.0,200.0213165283203
2025-06-05,202.8826044104843,204.12881205428332,199.54276184010465,200.0213165283203,55126100,200.76619829450334,201.9191186087472,204.03206583658854,30.51158169709784,-1.1958537830122111,-1.1015782429407008,-0.09427554007151029,214.24444204001557,192.36535257668365,-1.0797795842732882,202.2046813964844,202.6533203125,199.34336853027344,49727342.85714286,203.30133056640625
2025-06-06,202.3841235560851,205.07592905349443,201.4370087789868,203.30133056640625,46607700,201.26467895507812,201.39642224993025,203.89325154622395,38.10759445958763,-0.9685466872610675,-1.0749719318047743,0.10642524454370683,214.11849274890434,193.15813536388865,1.6398322413909039,200.0213165283203,202.2046813964844,200.24066162109372,49908485.71428572,200.8388214111328
2025-06-09,203.7699042317972,205.3750202901374,199.41316716451476,200.8388214111328,72862600,201.47831508091517,200.8744386945452,203.64215138753255,38.11995884222423,-0.975858990016178,-1.0551493434470551,0.07929035343087709,213.98875707410548,193.60490442491795,-1.2112607174841306,203.30133056640625,200.0213165283203,201.08807373046875,52975028.571428575,202.0551300048828
2025-06-10,199.99141796230995,203.73004106569937,199.9615101944825,202.0551300048828,54672600,201.7375248500279,200.57606070382255,203.4030527750651,43.051428913718965,-0.8734396358070171,-1.0188074019190476,0.1453677661120305,213.15553824643325,193.62858803530503,0.6056142857262303,200.8388214111328,203.30133056640625,202.6533203125,50668271.428571425,198.1769256591797
2025-06-11,202.88260699920767,203.8795731269679,197.80805305990708,198.1769256591797,60989900,201.32164655412947,200.34034837995256,202.9991678873698,44.34574496176852,-1.0926152504194135,-1.033568971619121,-0.05904627880029256,211.75924275552342,193.61417643392969,-1.9193793028711492,202.0551300048828,200.8388214111328,202.2046813964844,54320642.85714286,198.5956573486328
2025-06-12,198.476026276637,199.07419684911244,196.7612432530472,198.5956573486328,43904600,200.74198041643416,200.18652997698103,202.566428120931,46.27071626114521,-1.2184794832172656,-1.0705510739387498,-0.1479284092785158,210.2164178790131,193.84798489198297,0.21129184846335747,198.1769256591797,202.0551300048828,200.0213165283203,53966785.71428572,195.85400390625
2025-06-13,199.1240517744725,199.76210952406475,195.1062792678608,195.85400390625,51447300,199.8347407749721,200.27056121826172,202.01508483886718,52.302913178151016,-1.5219126526567095,-1.1608233896823417,-0.36108926297436783,208.79764337428355,193.77130956761096,-1.3805203391582088,198.5956573486328,198.1769256591797,203.30133056640625,55087257.14285714,197.81802368164065
2025-06-16,196.701426450214,198.08720880439395,195.9636660151664,197.81802368164065,43020700,199.5199846540179,200.14309147426061,201.7937225341797,46.04856300324625,-1.585627516686003,-1.245784215083074,-0.33984330160292897,206.88207831730793,194.40676903376627,1.0027978679112204,195.85400390625,198.5956573486328,200.8388214111328,53357914.28571428,195.0464630126953
2025-06-17,196.60172782081943,197.7881200100286,194.6177748569289,195.0464630126953,38856200,198.34071786063058,199.80269840785436,201.69437408447266,40.523410494426564,-1.838569899226684,-1.3643413519117962,-0.4742285473148877,205.6330176780019,194.3458168556895,-1.4010657964138584,197.81802368164065,195.85400390625,202.0551300048828,52250557.14285714,195.9835968017578
2025-06-18,195.34553910938877,196.97059871241268,194.4781834746436,195.9835968017578,45394700,197.64711434500558,199.56271471296037,201.63887532552084,43.441043685069076,-1.9410346556598483,-1.4796800126614067,-0.46135464299844164,204.56789965796648,194.3860523684007,0.4804669485349855,195.0464630126953,197.81802368164065,198.1769256591797,48326571.428571425,200.3902130126953
2025-06-20,197.63859168364692,201.0880863339216,196.26277341287405,200.3902130126953,96813500,197.40926906040735,199.57339695521765,201.80527038574218,50.256772199752625,-1.6476683180251541,-1.5132776737341562,-0.1343906442909979,204.44644636718434,194.39883714111645,2.2484617502937843,195.9835968017578,195.0464630126953,198.5956573486328,54346700.0,200.888671875
2025-06-23,201.01828233775663,201.686247808318,198.3563846401482,200.888671875,55814300,197.79666137695312,199.5591539655413,201.94712626139324,49.65348487934019,-1.3592829497454773,-1.4824787289364205,0.12319577919094327,204.46156282489477,194.3976763718826,0.24874411519943962,200.3902130126953,195.9835968017578,195.85400390625,53607328.571428575,199.6923065185547
2025-06-24,201.9753521214132,202.82277936444737,199.5926038267289,199.6923065185547,54064000,197.95332554408483,199.34765298025948,202.01458689371745,44.78760454848005,-1.213286146054827,-1.4286402123601019,0.21535406630527487,204.18770183578428,195.1730113600165,-0.595536495551996,200.888671875,200.3902130126953,197.81802368164065,55058671.428571425,200.948486328125
2025-06-25,200.8388194477268,203.052085424857,200.0113357524488,200.948486328125,39525700,198.68110874720983,199.25792476109095,201.70785369873047,47.849799935227026,-0.9848664871741448,-1.3398854673229106,0.35501898014876576,204.29015894947318,195.2051428693745,0.629057689537782,199.6923065185547,200.888671875,195.0464630126953,53355585.71428572,200.3902130126953
2025-06-26,200.81890119127092,202.0252370277816,198.85489170599743,200.3902130126953,50799100,199.04856436593192,199.2842745099749,201.31139424641927,50.668629188474,-0.839216289713022,-1.239751631800933,0.400535342087911,204.32814674206696,195.22497978381193,-0.2778191195320079,200.948486328125,199.6923065185547,195.9835968017578,54466785.71428572,200.469970703125
2025-06-27,201.27751091280396,202.6034778198992,199.39324535272064,200.469970703125,73188600,199.82335117885046,199.08203451974052,200.93753255208333,44.19464804842613,-0.7091767318990776,-1.1336366518205618,0.42445991992148424,204.38978583475466,195.2760009084094,0.039801190502575245,200.3902130126953,200.948486328125,200.3902130126953,59371414.28571428,204.5475311279297
2025-06-30,201.39711462840117,206.7607970676305,198.65545787730727,204.5475311279297,91912800,201.04677036830358,199.34694235665458,200.7288335164388,57.131908051103565,-0.2739366258564644,-0.9616966466277425,0.6877600207712781,205.06964586191452,195.02682783193313,2.034000608920694,200.469970703125,200.3902130126953,200.888671875,66016857.14285714,207.18951416015625
2025-07-01,206.04299395149744,209.55231908550664,205.5146031050056,207.18951416015625,78788900,202.01809910365515,199.71368408203125,200.61451466878256,59.36026188604462,0.2809417233386853,-0.713168972634457,0.9941106959731423,206.29733386498117,194.4092838718352,1.2916230362977066,204.5475311279297,200.469970703125,199.6923065185547,63441914.28571428,211.7954864501953
2025-07-02,208.2761972389462,212.69274987948137,207.5085290616707,211.7954864501953,67941800,203.57621547154017,200.68643842424666,200.73614451090495,74.18560764135405,1.0799018465762913,-0.35455480879230733,1.4344566553685987,208.61431259388044,193.0065217567055,2.223072103194701,207.18951416015625,204.5475311279297,200.948486328125,65174414.28571428,212.9021148681641
2025-07-03,211.5063531929921,213.9987684566969,211.16738836812712,212.9021148681641,34955800,205.4633309500558,201.7083282470703,200.95846761067708,74.80129086869113,1.7818392317818734,0.07272399932252882,1.7091152324593446,210.8356956265649,191.854882071189,0.5224985841371987,211.7954864501953,207.18951416015625,200.3902130126953,62444671.428571425,209.31304931640625
2025-07-07,212.0347627655988,215.57399579559092,208.16654427869605,209.31304931640625,50229000,206.65826851981026,202.66968863351005,201.21967264811198,72.6662815510428,2.0251770909134734,0.4632146176407178,1.5619624732727555,211.9170656135076,191.7026853630549,-1.6857820101882526,212.9021148681641,211.7954864501953,200.469970703125,63973714.28571428,209.3728485107422
2025-07-08,209.46258702266437,210.78853856973336,207.81758380403343,209.3728485107422,42848900,207.9415021623884,203.49503326416016,201.50713043212892,70.7930130630261,2.197517775639824,0.8100752492405391,1.3874425263992847,212.75961297954822,191.46728979144788,0.028569262418765007,209.31304931640625,212.9021148681641,204.5475311279297,62837971.428571425,210.4994354248047
2025-07-09,208.8943192909964,210.6888614301138,206.59132988433592,210.4994354248047,48749400,209.37428283691406,204.59881700788225,202.0345260620117,79.55766500733152,2.3973697721951908,1.1275341538314696,1.2698356183637212,213.85798864933167,191.33497552303163,0.5380768910944633,209.3728485107422,209.31304931640625,207.18951416015625,59346657.14285714,211.7655792236328
2025-07-10,209.87133445003573,212.8323250717279,209.39279496736208,211.7655792236328,44443600,210.40543256487166,205.7261014665876,202.43995869954426,79.81175974146502,2.6276314426542626,1.4275536115960283,1.2000778310582343,215.05976382161998,191.1042452726183,0.6014951043801897,210.4994354248047,209.3728485107422,211.7954864501953,52565342.85714286,210.51937866210935
2025-07-11,209.931172276849,211.48643705736623,209.2233196075129,210.51937866210935,39765800,210.8811274937221,206.4496132986886,202.7968724568685,71.72803727733515,2.6786793568507505,1.6777787606469727,1.0009005962037778,215.88285089046363,191.51540350406762,-0.5884811715351712,211.7655792236328,210.4994354248047,212.9021148681641,46990614.28571428,207.987060546875
2025-07-14,209.29308368901167,210.27012140888863,206.9103353456299,207.987060546875,38840100,210.33706665039062,206.9566410609654,203.08499552408855,64.00472524005517,2.486139618246966,1.8394509321669716,0.6466886860799945,216.2476994039322,192.08969531042328,-1.2028907416161472,210.51937866210935,211.7655792236328,209.31304931640625,42833228.571428575,208.4755859375
2025-07-15,208.5852528191871,211.24715053377864,208.28615994072268,208.4755859375,42296300,209.70470537458147,207.58401816231864,203.35949300130207,67.82683453919186,2.3459280067041277,1.9407463470744029,0.40518165962972486,216.3572832471345,193.242269670346,0.23488258805162143,207.987060546875,210.51937866210935,209.3728485107422,43881871.428571425,209.52239990234372
2025-07-16,209.6619745482938,211.75559423754484,208.00700716596052,209.52239990234372,47490500,209.73461260114397,208.19644056047713,203.64063720703126,67.55106018523716,2.2928479093096144,2.0111666595214452,0.2816812497881691,216.63520700337776,194.13478353617305,0.5021278439565346,208.4755859375,207.987060546875,210.4994354248047,43490657.14285714,209.38282775878903
2025-07-17,209.93116216460888,211.15742622671812,208.95412441878605,209.38282775878903,48068100,209.73603820800778,208.83877018519811,203.86495412190754,68.72920795414524,2.2139976573430715,2.0517328590857704,0.1622647982573011,216.36175453404283,195.8418724801173,-0.06661442577010623,209.52239990234372,208.4755859375,211.7655792236328,44236257.14285714,210.539306640625
2025-07-18,210.23024956462243,211.1474566075158,209.06380098140497,210.539306640625,48974600,209.7417340959821,209.55800846644811,204.1427749633789,70.07151364878983,2.219244377489048,2.085235162766426,0.13400921472262173,216.08316108395294,197.57603691409392,0.5523274731814354,209.38282775878903,209.52239990234372,210.51937866210935,44268428.571428575,211.8353576660156
2025-07-21,211.4565208835752,215.12534891613052,210.98794558852117,211.8353576660156,51377400,209.75170244489394,210.0785675048828,204.5365763346354,66.33885082919792,2.301453207235852,2.1284787716603115,0.17297443557554049,216.39047259529997,198.41323986807896,0.6155862513610666,210.539306640625,209.38282775878903,207.987060546875,45258971.428571425,213.74952697753903
2025-07-22,212.4933551608528,214.29786137817436,211.58611235366487,213.74952697753903,46404100,210.21315220424103,210.54713984898157,204.88484954833984,65.20328595829244,2.4923317145693886,2.201249360242127,0.2910823543272616,216.910902517309,199.1788954563238,0.9036118108957769,211.8353576660156,210.539306640625,208.4755859375,46207300.0,213.5002899169922
2025-07-23,214.3477172095632,214.4972560435483,211.76557859278188,213.5002899169922,46989300,211.00075639997206,210.66891152518136,205.30689849853516,54.950760919271296,2.593595603353265,2.2797186088643544,0.3138769944889104,216.99223855282443,200.47835776065213,-0.11660239162682995,213.74952697753903,211.8353576660156,209.52239990234372,47371471.428571425,213.11148071289065
2025-07-24,213.251055366678,215.03563331063384,212.8821827557749,213.11148071289065,46022600,211.66302708217071,210.6838662283761,205.67544352213542,50.634450754580705,2.6123606440578158,2.346247015903047,0.2661136281547689,216.95176287079522,201.73513288115788,-0.18211179209766115,213.5002899169922,213.74952697753903,209.38282775878903,47903800.0,213.23110961914065
2025-07-25,214.0486138925591,214.5869840936473,212.75255494873,213.23110961914065,40268800,212.1928427559989,210.96372767857142,206.1772496541341,65.03438116249569,2.6068351540080528,2.398364643524048,0.20847051048400456,216.50137999597916,203.4696054166185,0.05613442591165807,213.11148071289065,213.5002899169922,210.539306640625,46872128.571428575,213.40061950683597
2025-07-28,213.38067592321025,214.1981955143971,212.41361748607304,213.40061950683597,37858000,212.76681300571985,211.25142560686385,206.67074839274088,65.32632097228597,2.586320699522986,2.4359558547238356,0.15036484479915035,215.5401834936223,205.72386679934647,0.07949585217563726,213.23110961914065,213.11148071289065,211.8353576660156,45413542.85714286,210.6290435791016
2025-07-29,213.53020352524888,214.1582970701604,210.18041185237743,210.6290435791016,51411700,212.7796325683594,211.26068333217077,207.16324971516926,50.43830860558634,2.319680005055602,2.412700684790189,-0.09302067973458694,214.92443346265617,206.9477680754298,-1.2987665800312187,213.40061950683597,213.23110961914065,213.74952697753903,45761700.0,208.4157867431641
2025-07-30,211.2571312800854,211.74565019362484,207.08981987426867,208.4157867431641,45512500,212.29112243652347,211.0214124407087,207.51650848388672,39.35367043574243,1.9077822774060564,2.3117170033133627,-0.4039347259073063,214.77538860625623,207.2194401901305,-1.0507842595346095,210.6290435791016,213.40061950683597,213.5002899169922,44923857.14285714,206.9402618408203
2025-07-31,207.85746883247032,209.2033639475293,206.5315020865265,206.9402618408203,80698400,211.31837027413508,210.76576123918807,207.91296844482423,38.78826175779195,1.4456235837340046,2.138498319397491,-0.6928747356634863,214.9207337662319,206.5885725692173,-0.7079717546358943,208.4157867431641,210.6290435791016,213.11148071289065,49823042.85714286,201.76600646972656
2025-08-01,210.23023901853355,212.93202387361225,200.8886714237977,201.76600646972656,104434500,209.64204406738284,210.32140023367745,208.1057154337565,33.279800655023394,0.6542979840606051,1.841658252330114,-1.1873602682695088,215.8626163001699,204.5330791954356,-2.500361855671096,206.9402618408203,208.4157867431641,213.23110961914065,58029500.0,202.7330780029297
2025-08-04,203.8895472057539,207.24933356384108,201.06813110178,202.7330780029297,75109300,208.159415108817,209.91122109549386,208.18381093343098,34.9530408498626,0.1040024600813183,1.4941270938803548,-1.3901246337990365,216.441531579781,203.2961667844768,0.47930350118132736,201.76600646972656,206.9402618408203,213.40061950683597,62184742.85714286,202.3043670654297
2025-08-05,202.7829065525681,204.7170232958933,201.5466782764192,202.3043670654297,44155100,206.5984518868583,209.39564732142858,208.231000773112,30.45361047959298,-0.36252513303730893,1.1227966484968221,-1.485321781534131,216.90927650363545,202.12157371609112,-0.21146570738387327,202.7330780029297,201.76600646972656,210.6290435791016,62739928.571428575,212.60302734375
2025-08-06,205.0061502968161,214.72657006985975,204.96626313259569,212.60302734375,108483100,206.48451014927454,209.6256615774972,208.66135813395184,55.62520757444831,0.09763868524612462,0.9177650558466827,-0.820126370600558,217.13230349558407,202.108905916037,5.0906762062084,202.3043670654297,202.7330780029297,208.4157867431641,72829228.57142857,219.36245727539065
2025-08-07,218.2159523061407,220.1799768073744,215.92292715514495,219.36245727539065,90224800,207.73214067731584,210.2558866228376,209.27515716552733,62.8895849717436,0.9962669854538149,0.9334654417681091,0.06280154368570579,218.65083754839804,201.35005966839884,3.179366736256095,212.60302734375,202.3043670654297,206.9402618408203,78373957.14285715,228.6541748046875
2025-08-08,220.16001960779295,230.2991627392556,218.5848113878,228.6541748046875,113854000,210.6233389718192,211.4572307041713,210.21728922526043,69.91733380748764,2.430186659059558,1.232809685226399,1.197376973833159,222.9307399349137,198.88363689614098,4.235782934192733,219.36245727539065,212.60302734375,201.76600646972656,88137028.57142857,226.747802734375
2025-08-11,227.486400432218,229.12327986736796,224.3324083989562,226.747802734375,61806100,213.45298767089844,212.38567897251673,211.0932169596354,65.39578047663478,3.373858299049857,1.6610194079910907,1.7128388910587664,225.69773546862746,197.9927155811772,-0.8337359560309343,228.6541748046875,219.36245727539065,202.7330780029297,85438128.57142857,229.21310424804688
2025-08-12,227.57622481823225,230.36092560837628,226.63802588155735,229.21310424804688,55626200,217.3740016392299,213.50802285330636,211.915402730306,67.68273270431936,4.271415877921498,2.1830987019771726,2.0883171759443258,228.64530748541154,197.11889539544785,1.0872438382831362,226.747802734375,228.6541748046875,202.3043670654297,78465514.28571428,232.88612365722656
2025-08-13,230.6304284784954,234.552944884794,229.99163136972763,232.88612365722656,69878500,221.68157958984375,214.92049734933036,212.77195638020834,70.72204009802402,5.218957798534149,2.790270521288568,2.4286872772455808,232.06696872284707,196.0336065335006,1.6024473911425474,229.21310424804688,226.747802734375,212.60302734375,77718257.14285715,232.337158203125
2025-08-14,233.6147219132583,234.6727029329224,230.41083714463488,232.337158203125,51916300,225.97197832380022,216.28521510532923,213.45667877197266,69.84286512986489,5.858066528618195,3.4038297227544936,2.454236805863702,234.81611167435832,195.57989662642294,-0.23572269806403368,232.88612365722656,229.21310424804688,219.36245727539065,78827000.0,231.1494140625
2025-08-15,233.5548328767578,233.834298979768,228.9036945156081,231.1494140625,56038700,228.62146214076452,217.55298614501953,214.0649220784505,68.05147966000949,6.197285328393491,3.9625208438822934,2.2347644845111976,236.95041945024226,195.50659959272647,-0.5112157477567991,232.337158203125,232.88612365722656,228.6541748046875,71334942.85714285,230.4507598876953
2025-08-18,231.25921652669464,232.67651332576617,229.672244959047,230.4507598876953,37476200,230.20550537109375,218.9688230242048,214.76951243082684,71.04721834449984,6.336697612524858,4.437356197610806,1.8993414149140522,238.70621410723564,195.6123451579011,-0.30225219373292145,231.1494140625,232.337158203125,226.747802734375,63799428.571428575,230.1213836669922
2025-08-19,230.8400151681398,232.42698672077373,228.9136940815642,230.1213836669922,39402600,230.41510663713728,220.51922280447823,215.46113026936848,74.0080646957916,6.347435656702459,4.819372089429137,1.5280635672733212,240.21237468992294,195.74337024415908,-0.1429269406026834,230.4507598876953,231.1494140625,229.21310424804688,53163514.28571428,225.5800323486328
2025-08-20,229.54248102593337,230.0315543310328,225.3404986724704,225.5800323486328,42263900,230.24828229631697,221.8506349836077,215.96381683349608,69.30756917101,5.921240165557066,5.039745704654723,0.881494460902343,240.9600456480963,196.2036735291498,-1.9734590701623533,230.1213836669922,230.4507598876953,232.88612365722656,50371771.428571425,224.4721527099609
2025-08-21,225.83955683035407,226.08908123987143,223.3542882288465,224.4721527099609,30621200,229.57100350516183,223.47250257219588,216.38736928304036,75.68321384066796,5.431469935898889,5.118090550903556,0.3133793849953328,241.52016254823587,196.77962382871726,-0.4911248691372161,225.5800323486328,230.1213836669922,232.337158203125,46799628.571428575,227.3267059326172
2025-08-22,225.7397343895232,228.65417758009715,224.98118568943212,227.3267059326172,42477800,228.77680097307478,225.22919028145927,216.94761352539064,76.67899947958529,5.213563375599136,5.137185115842673,0.0763782597564635,242.32772818854662,197.38161781975415,1.2716736522523808,224.4721527099609,225.5800323486328,231.1494140625,42885242.85714286,226.72784423828125
2025-08-25,226.04912998143797,228.8637723966904,225.7996055926997,226.72784423828125,30983100,227.97547040666853,226.97372436523438,217.57230631510416,76.39697488537406,4.935652592048626,5.096878611083864,-0.16122601903523748,242.97865010795002,198.0634183734953,-0.2634365777127168,227.3267059326172,224.4721527099609,230.4507598876953,39894785.71428572,228.87376403808597
2025-08-26,226.438403395408,229.0534295301293,224.2625578823749,228.87376403808597,54575100,227.65037754603796,228.13591984340124,218.2522455851237,71.34754822882368,4.832853955438793,5.04407367995485,-0.21121972451605675,243.68025491648348,199.1862856108603,0.94647386915101,226.72784423828125,227.3267059326172,230.1213836669922,39685700.0,230.0515289306641
2025-08-27,228.17510050695543,230.46073738560716,227.82576024347395,230.0515289306641,31259500,227.59334455217635,228.89942496163505,218.9365498860677,66.43083217738153,4.79119120929272,4.993497185822424,-0.20230597652970417,244.19368515745515,200.83642958863862,0.5145914812595631,228.87376403808597,226.72784423828125,225.5800323486328,38797600.0,232.1175842285156
2025-08-28,230.3809040856524,232.9659733126178,228.90370861616245,232.1175842285156,38074700,227.8785160609654,229.14681134905135,219.69437510172526,56.84419061863001,4.868762515026333,4.968550251663206,-0.09978773663687335,244.54973521476873,202.99811177009454,0.8980837064874292,230.0515289306641,228.87376403808597,224.4721527099609,38607900.0,231.6983795166016
2025-08-29,232.0676707602769,232.9360260407387,230.92984008944924,231.6983795166016,39418400,228.75256565638952,229.50042397635323,220.3996775309245,60.39397277020762,4.840612449735858,4.942962691277737,-0.10235024154187933,243.5313106719781,207.00977361757268,-0.18060015285240594,232.1175842285156,230.0515289306641,227.3267059326172,38201400.0,229.28298950195312
2025-09-02,228.8138823959992,230.4108447009183,226.53822101083423,229.28298950195312,44075600,229.43982805524553,229.5054157802037,220.98126525878905,50.147035595455634,4.570713195707384,4.868512792163666,-0.29779959645628207,241.51416797164694,211.68190746780618,-1.0424716908628229,231.6983795166016,232.1175842285156,226.72784423828125,40123457.14285714,238.01634216308597
2025-09-03,236.75874463665696,238.395624134605,233.9141603097862,238.01634216308597,66427800,230.9669189453125,229.87185995919364,221.7901590983073,58.898881995468734,5.0038434716933295,4.8955789280695985,0.10826454362373106,238.97916638879315,217.7881065604256,3.808984120498149,229.28298950195312,231.6983795166016,228.87376403808597,43544885.71428572,239.32383728027344
2025-09-04,237.996365667052,239.4436041167336,236.2896273284533,239.32383728027344,47549400,232.76634652273995,230.37090846470423,222.65094401041668,61.80836407843858,5.390468301581109,4.994556802771901,0.39591149880920806,238.52422414847425,220.91512979439685,0.5493299768011717,238.01634216308597,229.28298950195312,230.0515289306641,45911500.0,239.2340087890625
2025-09-05,239.5434165987409,240.8609127003189,238.0362947520209,239.2340087890625,54870400,234.24638148716517,230.94837951660156,223.52169494628907,64.19062607467814,5.624783849327287,5.120602212082979,0.504181637244308,239.0701215543813,222.35638753985697,-0.03753428502223377,239.32383728027344,238.01634216308597,232.1175842285156,45953685.71428572,237.42745971679688
2025-09-08,238.84475646782596,239.69313028194867,235.89038089866293,237.42745971679688,48999500,235.30008588518416,231.44671521868025,224.32823994954427,61.78752168790556,5.600152129126286,5.2165121954916405,0.38363993363464566,239.96242734616237,222.34141023928686,-0.7551389041256629,239.2340087890625,239.32383728027344,231.6983795166016,48487971.428571425,233.9041748046875
2025-09-09,236.54912730927947,238.3257397896772,232.9160527142261,233.9041748046875,66313900,235.55531311035156,231.7169145856585,225.01169179280598,55.7686499336129,5.235974610291976,5.2204046784517075,0.015569931840268225,240.14670849602535,222.87276629645513,-1.4839416284502027,237.42745971679688,239.2340087890625,229.28298950195312,52522142.85714286,226.35855102539065
2025-09-10,231.7482872752143,231.9778454619465,225.5201526853384,226.35855102539065,83440800,234.79248046875,231.77252306256975,225.5360087076823,51.08756680986802,4.289051015018714,5.0341339457651095,-0.7450829307463955,240.25449123204908,222.47952823816576,-3.225946602106411,233.9041748046875,237.42745971679688,238.01634216308597,58811057.14285714,229.59239196777344
2025-09-11,226.44839058875493,230.0115911363252,226.21881717306923,229.59239196777344,50208600,234.83668082101005,232.1382544381278,226.2418955485026,56.751775469863745,3.756251452701065,4.778557447152301,-1.0223059944512363,240.0933468042381,222.3112994970314,1.4286365271970913,226.35855102539065,233.9041748046875,239.32383728027344,59687200.0,233.6247100830078
2025-09-12,228.78393068206051,234.063860229386,228.584314210114,233.6247100830078,55824200,234.2093048095703,232.5881118774414,227.13137715657552,58.05464291485083,3.617676016172311,4.546381160956303,-0.9287051447839918,240.2108096673726,222.32259182188523,1.7562943095258854,229.59239196777344,226.35855102539065,239.2340087890625,58172400.0,236.24969482421875
2025-09-15,236.549127145038,237.7368657054393,234.58287368836287,236.24969482421875,42699500,233.7701416015625,233.26824406215124,228.28083343505858,61.57767168618595,3.6772789325364386,4.37256071527233,-0.6952817827358917,240.73842708206877,222.3050024833609,1.123590368620797,233.6247100830078,229.59239196777344,237.42745971679688,57479557.14285714,237.6969451904297
2025-09-16,236.72878926810645,240.76111223381088,235.87043992435724,237.6969451904297,63421100,233.5505610874721,233.89847128731864,229.44629567464193,60.9135808434227,3.7975202331743105,4.257552618852727,-0.4600323856784163,241.48515498750947,222.28289310819366,0.6125935389198034,236.24969482421875,233.6247100830078,233.9041748046875,58701085.71428572,238.5353546142578
2025-09-17,238.5153883976145,239.6432435766681,237.27774187166392,238.5353546142578,46508000,233.70883178710938,234.50445883614677,230.65399525960285,60.58266759754207,3.9153314599831504,4.189108387078812,-0.27377692709566137,242.30952880453216,222.29991638589755,0.3527220020250743,237.6969451904297,236.24969482421875,226.35855102539065,58345157.14285714,237.42745971679688
2025-09-18,239.5134800259323,240.74113579799257,236.199788714976,237.42745971679688,44249600,234.212158203125,234.88373565673828,231.48147633870443,56.785709271470544,3.874635461132982,4.126213801889646,-0.2515783407566641,242.62453317389864,223.16965475334743,-0.46445731252398037,238.5353546142578,237.6969451904297,229.59239196777344,55193114.28571428,245.032958984375
2025-09-19,240.77107799962133,245.83144010441063,239.7530294205925,245.032958984375,163741300,236.8799307686942,235.8362056187221,232.3371597290039,64.3965490258098,4.4053022359587715,4.182031488703472,0.22327074725529972,244.23222786423244,223.61804069045505,3.203293872010393,237.42745971679688,238.5353546142578,233.6247100830078,66664614.28571428,255.5928192138672
2025-09-22,247.82763635806887,256.15178189089505,247.64797087115,255.5928192138672,105517400,240.59427751813615,237.71547916957311,233.23511454264323,74.1568761399009,5.613245941255201,4.468274379213818,1.1449715620413832,249.03148467897265,221.64539520383985,4.309567281585802,245.032958984375,237.42745971679688,236.24969482421875,74565871.42857143,253.9459686279297
2025-09-23,255.3932223520852,256.8504363399061,253.0975947938589,253.9459686279297,60275200,243.497314453125,238.85330963134766,234.1417200724284,66.81415530115126,6.36429927112772,4.847479357596598,1.5168199135311218,252.09366468272844,221.3050276390489,-0.6443258425658294,255.5928192138672,245.032958984375,237.6969451904297,75201728.57142857,251.8300018310547
2025-09-24,254.73446948849343,255.2534845023776,250.5624136207024,251.8300018310547,42303700,245.7230725969587,239.74660709926061,234.89561665852864,62.979080282409235,6.711408668044896,5.220265219686258,1.4911434483586383,254.17940910136394,221.51490699971026,-0.8332350414175016,253.9459686279297,255.5928192138672,238.5353546142578,75145185.71428572,256.3813171386719
2025-09-25,252.72829161839877,256.6807646844572,251.2311452680336,256.3813171386719,55202100,248.39226858956474,240.97141483851843,235.6787897745768,66.28744573585888,7.269945072869206,5.630201190322849,1.639743882546357,257.02337486037254,221.30392006150248,1.8072966979806315,251.8300018310547,253.9459686279297,237.42745971679688,73971042.85714285,254.97401428222656
2025-09-26,253.61660096533103,257.10994249251326,253.2972024297037,254.97401428222656,46076300,250.7406485421317,242.22474016462053,236.4333516438802,66.79404619720549,7.512432967612,6.006647545780679,1.5057854218313205,259.16498216294946,221.44795576429667,-0.5489100657377954,256.3813171386719,251.8300018310547,245.032958984375,73909371.42857143,253.9459686279297
2025-09-29,254.0757261912774,254.5148915782133,252.52867184357527,253.9459686279297,40127700,253.1004355294364,243.65629686628068,237.1932367960612,70.14446493802798,7.5347952492744525,6.312277086479435,1.2225181627950175,260.75790465548266,222.07979218289626,-0.4031962461707783,254.97401428222656,256.3813171386719,255.5928192138672,73320528.57142857,254.1455993652344
2025-09-30,254.3751575512532,255.4331385813304,252.6284867333586,254.1455993652344,37704300,254.40224129813058,245.6410860334124,237.98306477864583,82.76838720079232,7.482373901994123,6.546296449582373,0.9360774524117499,261.91256663296656,223.41139119174045,0.07861150085717306,253.9459686279297,254.97401428222656,253.9459686279297,55315242.85714286,254.9640350341797
2025-10-01,254.55481135314997,258.29769267334166,254.44502000530687,254.9640350341797,48713900,254.31241498674666,247.4533462524414,238.81115315755207,81.7274314831154,7.42132214307793,6.721301588281485,0.7000205547964446,263.3809342849335,223.6377928268829,0.3220341689918804,254.1455993652344,253.9459686279297,251.8300018310547,47200457.14285714,256.6408386230469
2025-10-02,256.09186667190835,257.68882891050583,253.66649683440303,256.6408386230469,42630200,254.69739641462053,249.09735543387276,239.8465133666992,80.58357545909274,7.422678206365674,6.861576911898323,0.5611012944673508,264.97465084501306,223.77577640108072,0.657662791005964,254.9640350341797,254.1455993652344,256.3813171386719,44679742.85714286,257.5291442871094
2025-10-03,254.18552630266564,258.7468246365968,253.46689477740225,257.5291442871094,49155600,255.51155962262834,250.61731610979353,240.9484130859375,79.64407637138157,7.410013713979396,6.971264272314539,0.4387494416648572,266.5426268088477,224.0373139870508,0.3461279462880995,256.6408386230469,254.9640350341797,254.97401428222656,45658585.71428572,256.20166015625
2025-10-06,257.499174775338,258.57713717661323,254.56478079871025,256.20166015625,44664100,255.48589433942522,251.939081464495,241.9109115600586,75.86494456224585,7.209750620172571,7.018961541886146,0.190789078286425,267.6766862922965,224.78067454754728,-0.5154694760991507,257.5291442871094,256.6408386230469,253.9459686279297,44153157.14285714,255.9920959472656
2025-10-07,256.32145476920215,256.9103287268919,254.94407514023973,255.9920959472656,31955800,255.63133457728796,253.18599155970983,242.88638661702473,74.83675469328894,6.953969562824625,7.005963146073842,-0.05199358324921732,268.37997934515056,226.286173608951,-0.08179658510276688,256.20166015625,257.5291442871094,254.1455993652344,42135942.85714286,257.569091796875
2025-10-08,256.03201279963565,258.0282082133661,255.62278908467795,257.569091796875,36496900,256.148923601423,254.6246795654297,243.8428975423177,78.27922868092162,6.80012402085049,6.964795321029172,-0.16467130017868215,267.92409412276027,229.8631129084897,0.6160330239001865,255.9920959472656,256.20166015625,254.9640350341797,41617257.14285714,253.55670166015625
2025-10-09,257.3195337882977,257.50917476461467,252.6584199331141,253.55670166015625,38322000,256.0647953578404,255.23351832798548,244.62640329996745,63.310465050891274,6.2820187674191175,6.828240010307161,-0.546221242888044,266.89251623322735,233.29112176726093,-1.557791778791151,257.569091796875,255.9920959472656,256.6408386230469,41705500.0,244.80340576171875
2025-10-10,254.4550078501572,255.8922708493858,243.53581752909895,244.80340576171875,61999100,254.613276890346,254.4628459385463,245.04926401774088,32.14405663841248,5.106237271921771,6.483839462630083,-1.3776021907083127,265.8082064053801,235.49330116297935,-3.4522045132806656,253.55670166015625,257.569091796875,257.5291442871094,43603385.71428572,247.18885803222656
2025-10-13,248.9055871417832,249.2149949644775,245.09284695690997,247.18885803222656,38142900,253.26299394880022,253.98019518171037,245.56561330159505,39.08417652499208,4.317142694214567,6.05050010894698,-1.7333574147324127,264.885322291346,237.5101015978142,0.9744359001401026,244.80340576171875,253.55670166015625,256.20166015625,42962342.85714286,247.29864501953125
2025-10-14,246.1308726626428,248.37659224814223,244.2344780970313,247.29864501953125,35478000,251.80149405343192,253.65652683803015,246.166135152181,42.17241886482717,3.658465930676641,5.5720932732929125,-1.9136273426162713,263.97446403885846,239.38112983321184,0.04441421356069508,247.18885803222656,244.80340576171875,255.9920959472656,41008400.0,248.86566162109372
2025-10-15,249.01538540478128,251.3409547309234,246.99922390992757,248.86566162109372,33893600,250.7534942626953,253.11969430106026,246.52777913411458,35.524830898793155,3.225720891212603,5.102818796876851,-1.8770979056642476,262.9361307782574,241.4524937944965,0.633653533135492,247.29864501953125,247.18885803222656,257.569091796875,39469757.14285714,246.9792633056641
2025-10-16,247.77774448085987,248.56623493239263,244.6636846503341,246.9792633056641,39777000,249.4659467424665,252.54864065987724,246.7829600016276,34.881107790755294,2.6994333634362704,4.622141710188735,-1.922708346752465,261.2884301570341,244.05537477460652,-0.7579986339383948,248.86566162109372,247.29864501953125,253.55670166015625,40587071.428571425,251.81002807617188
2025-10-17,247.5481624372989,252.89796599708643,246.79958926324147,251.81002807617188,49147000,248.64322335379464,252.3960734776088,247.20216064453126,46.46862375193053,2.641697209538762,4.226052810058741,-1.584355600519979,260.86139513784406,245.1601167029763,1.955939420116093,246.9792633056641,248.86566162109372,244.80340576171875,42394228.571428575,261.7411193847656
2025-10-20,255.4032084113237,263.87706298772724,255.143708503654,261.7411193847656,90483000,249.8124258858817,252.93861062186105,248.0126159667969,59.50062640234344,3.358581327717303,4.052558513590454,-0.6939771858731509,262.0289224488901,244.60741940902005,3.94388237214669,251.81002807617188,246.9792633056641,247.18885803222656,49845800.0,262.27008056640625
2025-10-21,261.3817895915523,264.7853058703715,261.3318664386604,262.27008056640625,46695900,252.3076651436942,253.4604710170201,248.95814615885416,59.20520649612364,3.924164576361619,4.026879726144687,-0.10271514978306762,263.3226882309299,244.14606482082792,0.20209326791449378,261.7411193847656,251.81002807617188,247.29864501953125,47659628.571428575,257.9583435058594
2025-10-22,262.15033525743416,262.349966966352,254.94406918261987,257.9583435058594,45015300,253.8461630684989,253.55457850864954,250.0114725748698,51.55662618977052,3.9786092982318166,4.017225640562113,-0.03861634233029676,263.763605655885,244.3179815633533,-1.6440064574789193,262.27008056640625,261.7411193847656,248.86566162109372,48641400.0,259.0861511230469
2025-10-23,259.4454820834593,260.12418111371363,257.51916110368444,259.0861511230469,32754900,255.53009251185827,253.6657932826451,250.99459788004557,51.82924424462108,4.065892701658072,4.026959052781305,0.03893364887676665,264.108903422937,244.24316719473882,0.4372053262009956,257.9583435058594,262.27008056640625,246.9792633056641,48252385.71428572,262.3200378417969
2025-10-24,260.69313376057823,263.62754335723145,258.68694768993146,262.3200378417969,38253700,257.452146257673,254.10282026018416,251.95110880533855,56.87996985657165,4.345916044280841,4.090750451081212,0.25516559319962884,265.1226975393106,243.9639754343222,1.2481897255921526,259.0861511230469,257.9583435058594,251.81002807617188,48875257.14285714,268.2986145019531
2025-10-27,264.37609822840903,268.60802232244004,264.1465248140549,268.2986145019531,44888200,260.49776785714283,254.9818572998047,253.0194061279297,62.24915298410221,4.992704937524451,4.27114134836986,0.7215635891545906,267.488500993227,243.03343656780817,2.2791155068992097,262.3200378417969,259.0861511230469,261.7411193847656,49605428.571428575,268.4882507324219
2025-10-28,268.4782600095115,269.3765722048576,267.63986169210665,268.4882507324219,41534800,262.88037109375,255.76179722377233,254.04578297932943,61.176943569084855,5.4576791265416205,4.508448904004212,0.9492302225374081,269.53978064678427,242.41642205096963,0.07068103233436318,268.2986145019531,262.3200378417969,262.27008056640625,48517971.428571425,269.1869201660156
2025-10-29,268.76770579477784,270.8936584399069,266.6018207191691,269.1869201660156,51086700,263.94405691964283,256.8782414027623,255.0675018310547,67.16358540188259,5.815513683846973,4.769861859972765,1.0456518238742083,271.46437393535115,241.9141172755863,0.26022346664624774,268.4882507324219,268.2986145019531,257.9583435058594,42889928.571428575,270.8836669921875
2025-10-30,271.4725408872279,273.6184749716116,267.969239224885,270.8836669921875,69886500,265.174569266183,258.74111720493863,256.1827087402344,83.89112776897835,6.164947756942183,5.048879039366649,1.1160687175755344,273.4819887984831,241.3207852493685,0.6303229091240592,269.1869201660156,268.4882507324219,259.0861511230469,46202871.428571425,269.85565185546875
2025-10-31,276.4630533049319,276.79244258078194,268.647962249571,269.85565185546875,86167100,266.87418474469865,260.3601739065988,257.0101318359375,80.532524992426,6.286458170746414,5.296394865642602,0.9900633051038117,275.03644870236434,240.99897610232318,-0.3795042898427692,270.8836669921875,269.1869201660156,262.3200378417969,52081700.0,268.53814697265625
2025-11-03,269.90556627002525,270.33474092754267,265.74348587775046,268.53814697265625,50194600,268.22446986607144,261.87728118896484,257.44164276123047,77.70841146498954,6.204917983835912,5.478099489281265,0.7268184945546476,276.25957654080423,241.0094969455239,-0.4882257880291285,269.85565185546875,270.8836669921875,268.2986145019531,54573085.71428572,269.5262756347656
2025-11-04,267.8195068636227,270.9734988318123,267.11086611942017,269.5262756347656,49274800,269.2539324079241,263.3530393327986,257.960986328125,77.36655606973437,6.149146984415154,5.612308988308043,0.5368379961071108,277.538110885768,241.08438056931018,0.3679658451690937,268.53814697265625,269.85565185546875,268.4882507324219,56147528.571428575,269.6260986328125
2025-11-05,268.0989800730272,271.18312844251227,266.4221834255846,269.6260986328125,43683100,269.4435729980469,264.9706704275949,258.55418955485027,81.48774399462312,6.043339096001944,5.698515009846823,0.3448240861551204,278.6877110006806,241.14048113799123,0.03703646251622672,269.5262756347656,268.53814697265625,269.1869201660156,55975371.428571425,269.2567749023437
2025-11-06,267.38037702601645,272.8798740142925,267.38037702601645,269.2567749023437,51204000,269.55336216517856,266.2168666294643,258.983371480306,77.69332941932132,5.862109494432843,5.731233906764028,0.13087558766881546,279.66541614914144,241.73278331374917,-0.13697625428010785,269.6260986328125,269.5262756347656,270.8836669921875,57356685.71428572,267.9592590332031
2025-11-07,269.28671541495146,271.7719991063764,266.26248096015127,267.9592590332031,48227400,269.3779820033482,266.6610194614955,259.4162129720052,63.59671366264327,5.54981028433258,5.694949182277739,-0.14513889794515933,279.51983398670114,244.19395080333794,-0.48188791892466165,269.2567749023437,269.6260986328125,269.85565185546875,56948214.28571428,269.1781311035156
2025-11-10,268.7085692371889,273.4741297822401,267.2099714283653,269.1781311035156,41312400,269.1343340192522,267.1544516427176,259.92395172119143,64.66288634016979,5.339117674799354,5.623782880782062,-0.2846652059827077,279.47540756708366,246.43730453008428,0.4548721603090611,267.9592590332031,269.2567749023437,268.53814697265625,52866200.0,274.99267578125
2025-11-11,269.55775905965567,275.65206242273547,269.5477586519058,274.99267578125,46208300,269.8681945800781,268.3711896623884,260.61885426839194,83.98838193476104,5.5770387934766745,5.614434063320985,-0.03739526984431052,279.95169269720395,248.73042247613589,2.160110352909128,269.1781311035156,267.9592590332031,269.5262756347656,47157800.0,273.21435546875
2025-11-12,274.74292397164845,275.4722525277038,271.4460210796085,273.21435546875,48398000,270.5362243652344,269.3803471156529,261.2271982828776,77.47655353249031,5.558027920862287,5.603152834829245,-0.0451249139669585,279.8276437755397,251.28934078256583,-0.6466791551621554,274.99267578125,269.1781311035156,269.6260986328125,46901142.85714286,272.6948547363281
2025-11-13,273.85374352181776,276.4413491841305,271.83564282199285,272.6948547363281,49602800,270.98887852260043,270.1214054652623,261.7623321533203,72.55867902843508,5.438352359152248,5.570192739693846,-0.13184038054159863,278.4502284771646,255.2383152240072,-0.19014401037990014,273.21435546875,274.99267578125,269.2567749023437,46948000.0,272.15533447265625
2025-11-14,270.7965900477885,275.702003472256,269.3479639093673,272.15533447265625,47431300,271.3501979282924,270.39688546316967,262.2498718261719,60.98397473226035,5.2395752757058744,5.504069246896252,-0.26449397119037776,277.27931335751435,258.44376098330594,-0.19784761402760198,272.6948547363281,273.21435546875,267.9592590332031,47483457.14285714,267.2099609375
2025-11-17,268.5687054184609,270.2371271729127,265.48159771217263,267.2099609375,45018300,271.0577959333147,270.30557904924666,262.6168151855469,47.1354027752132,4.6296252528142645,5.329180448079855,-0.6995551952655905,277.1117743717839,259.15818412430986,-1.817114312581336,272.15533447265625,272.6948547363281,269.1781311035156,46599785.71428572,267.19000244140625
2025-11-18,269.7376065335732,270.4569347049811,265.0719890725528,267.19000244140625,45677300,270.9479021344866,270.1629420689174,262.9900787353516,45.38458825603949,4.097392787865374,5.082822916036959,-0.9854301281715854,276.94103195561274,259.82091872798105,-0.007469218596389826,267.2099609375,272.15533447265625,274.99267578125,46235485.71428572,268.3089294433594
2025-11-19,265.2817633125939,271.9555110777923,265.2517925781922,268.3089294433594,40424500,270.82373046875,269.97903224400113,263.3480733235677,43.885781537841645,3.72296673955276,4.81085168074012,-1.08788494118736,275.91834732115325,261.87866195619046,0.4187757744410714,267.19000244140625,267.2099609375,273.21435546875,46108642.85714286,266.0010986328125
2025-11-20,270.5768036466949,275.17250947675234,265.67142054546326,266.0010986328125,45823600,269.53921944754467,269.70370701381137,263.7628865559896,41.371102834078904,3.203085563087029,4.489298457209502,-1.2862128941224729,274.7462758275792,263.7422282007411,-0.8601393980195771,268.3089294433594,267.19000244140625,272.6948547363281,46053685.71428572,271.2361755371094
2025-11-21,265.70137680880595,273.0744516711978,265.4216397990326,271.2361755371094,59030800,269.2566223144531,269.89642333984375,264.64397888183595,55.13857034416779,3.1768818238844005,4.226815130544482,-1.0499333066600816,274.18195582685064,265.1981619710009,1.968065895668869,266.0010986328125,268.3089294433594,272.15533447265625,47572657.14285714,275.6620788574219
2025-11-24,270.64675212306133,276.7410558404627,270.64675212306133,275.6620788574219,65585800,269.6805114746094,270.3346949986049,265.5930862426758,60.33294343291897,3.4732115600452858,4.0760944164446435,-0.6028828563993578,275.22613467529317,264.8903295581053,1.6317525903571717,271.2361755371094,266.0010986328125,267.2099609375,49855942.85714286,276.7110900878906
2025-11-25,275.012667049666,280.1179060838009,274.9926967216935,276.7110900878906,46914200,270.33133370535717,270.8407658168248,266.57350107828773,61.56179127311626,3.7494797812909155,4.010771489413898,-0.2612917081229824,276.36806623829443,264.57068193065084,0.3805424506761135,275.6620788574219,271.2361755371094,267.19000244140625,49782071.428571425,277.29052734375
2025-11-26,276.70108254872224,279.26868736786383,276.3714044558947,277.29052734375,33431400,271.7714146205357,271.4146052769252,267.52099660237633,63.020756049643694,3.969423043061397,4.002501800143397,-0.033078757082000365,277.4739838383975,264.2751250483213,0.20940152983219829,276.7110900878906,275.6620788574219,268.3089294433594,48126800.0,278.5893249511719
2025-11-28,277.0008150112318,278.73917862681736,275.73198274965245,278.5893249511719,20135600,273.39988926478793,272.1738956996373,268.5746653238932,67.22803206558726,4.20011545850997,4.042024531816712,0.15809092669325775,278.706814366088,263.81286031652917,0.46838874009274,277.29052734375,276.7110900878906,266.0010986328125,44477985.71428572,282.8353576660156
2025-12-01,277.75011957449965,283.1550658399818,275.88187257202503,282.8353576660156,46587700,275.47509329659596,273.149411882673,269.608842976888,70.1563431766959,4.671707676259075,4.167961160705185,0.5037465155538898,280.93533636228835,262.88230890138357,1.524118957389331,278.5893249511719,277.29052734375,271.2361755371094,45358442.85714286,285.9224548339844
2025-12-02,282.7354345985028,287.1313151163589,282.36578537497866,285.9224548339844,53669500,278.3210013253348,273.9301103864397,270.414887491862,67.54334317251352,5.23421408617105,4.381211745798359,0.8530023403726918,283.6061689148385,261.94990713496617,1.0914820528252767,282.8353576660156,278.5893249511719,275.6620788574219,46479285.71428572,283.8843688964844
2025-12-03,285.9324708384744,288.35019153510143,283.0351573834178,283.8843688964844,43538700,280.1278860909598,274.69225420270647,271.13536376953124,66.98475896784197,5.452692719023219,4.595507940443331,0.8571847785798878,285.27816723790465,261.71371813807195,-0.7128107299873898,285.9224548339844,282.8353576660156,276.7110900878906,44266128.571428575,280.4375915527344
2025-12-04,283.83440686502166,284.46382276925783,278.32954829392816,280.4375915527344,43989100,280.8101021902902,275.2453068324498,271.8846720377604,61.274353837868006,5.2867698914826065,4.733760330651186,0.5530095608314207,286.0607494454051,262.0122852225636,-1.2141483369261685,283.8843688964844,285.9224548339844,277.29052734375,41180885.71428572,278.5193786621094
2025-12-05,280.27774306596746,280.8771882481053,277.79005013345267,278.5193786621094,47265800,281.0684291294643,275.6998814174107,272.5324462890625,58.90910395869985,4.94350545251649,4.775709355024247,0.16779609749224278,286.4620937287098,262.53720131523545,-0.6840070477014848,280.4375915527344,283.8843688964844,278.5893249511719,41231114.28571428,277.6302185058594
2025-12-08,277.8699843761556,279.4085531850005,275.8918244790692,277.6302185058594,38211800,281.11695643833707,276.44418552943637,273.04278564453125,66.45634226392724,4.547299677870569,4.730027419593512,-0.18272774172294248,286.60959908198157,263.35679190922934,-0.31924534677664207,278.5193786621094,280.4375915527344,282.8353576660156,41914028.571428575,276.9208679199219
2025-12-09,277.8999627322321,279.7682096639769,276.6611317163261,276.9208679199219,32193300,280.8786054338728,277.13924734933033,273.3301940917969,65.04011659992358,4.128474597684317,4.609716855211673,-0.48124225752735583,286.694561505828,264.0461031670236,-0.25550193698475887,277.6302185058594,278.5193786621094,285.9224548339844,43636557.14285714,278.5193786621094
2025-12-10,277.490342786908,279.48847306800184,276.1815698919154,278.5193786621094,33038300,280.2620370047433,277.86856515066967,273.66456502278646,65.55082500580991,3.880803672724994,4.463934218714337,-0.5831305459893432,286.95565079660634,264.1376841643311,0.5772445948890148,276.9208679199219,277.6302185058594,283.8843688964844,41700928.571428575,277.77008056640625
2025-12-11,278.83908758708685,279.3286197507982,273.5540244422053,277.77008056640625,33248000,279.097412109375,278.7092067173549,273.95067036946614,68.81787484873327,3.582760750404759,4.287699525052422,-0.7049387746476627,287.1692764871196,264.3796309835836,-0.26902907054526803,278.5193786621094,276.9208679199219,280.4375915527344,38783571.428571425,278.0198669433594
2025-12-12,277.64021728323,278.9589906850317,276.5612402656973,278.0198669433594,39532900,278.25962611607144,279.1937561035156,274.18854370117185,62.90388495823861,3.3283481347780253,4.095829246997543,-0.7674811122195173,287.3812658658643,264.700142825542,0.08992558753764257,277.77008056640625,278.5193786621094,278.5193786621094,38211314.28571428,273.8537292480469
2025-12-15,279.8880911943856,279.8880911943856,272.5849275039148,273.8537292480469,50409100,277.31907435825894,279.06458827427457,274.3218129475911,46.525838111654416,2.758750649578019,3.828413527513638,-1.069662877935619,287.36870034313904,264.8825478258062,-1.498503592968503,278.0198669433594,277.77008056640625,277.6302185058594,39128457.14285714,274.353271484375
2025-12-16,272.5649667835892,275.2424541197232,271.53593087885605,274.353271484375,37648600,276.72391619001115,278.8961726597377,274.5156504313151,45.37251214355448,2.3208955828795865,3.526909938586828,-1.2060143557072416,286.9611680315783,266.00441119205453,0.1824120627094583,273.8537292480469,278.0198669433594,276.9208679199219,37754571.428571425,271.5858764648437
2025-12-17,274.75292651919426,275.90184538512057,271.38608172110213,271.5858764648437,50138700,275.86043875558033,278.48869759695873,274.5843037923177,39.689464975179185,1.7306369326788626,3.167655337405235,-1.4370184047263725,286.5240490361103,266.8811175898663,-1.0086976563313588,274.353271484375,273.8537292480469,278.5193786621094,39458414.28571428,271.935546875
2025-12-18,273.35420232069225,273.374203136776,266.7004552212896,271.935546875,51630700,275.1482500348772,278.013427734375,274.6612854003906,37.54676438972405,1.2763551519052498,2.7893953003052383,-1.5130401483999885,286.1723250841,267.5955032850406,0.12875132341485518,271.5858764648437,274.353271484375,277.77008056640625,42235185.71428572,273.4141845703125
2025-12-19,271.8955859651445,274.34330788170604,269.64768928264715,273.4141845703125,144632000,274.418936593192,277.3404867989676,274.79986572265625,30.329660246942623,1.0238450241228634,2.4362852450687633,-1.4124402209459,285.2104983856048,269.2986385772858,0.5437456457254575,271.935546875,271.5858764648437,278.0198669433594,58177142.85714286,270.7166748046875
2025-12-22,272.6048920133635,273.62395794129594,270.25711338978425,270.7166748046875,36571800,273.4113071986607,276.25435965401783,274.89177958170575,17.727031897102435,0.5991557401508771,2.068859344085186,-1.4697036039343088,285.2701879984741,269.18699889117437,-0.9866019825797601,273.4141845703125,271.935546875,273.8537292480469,58651971.428571425,272.1053771972656
2025-12-23,270.5868091030317,272.2452609569047,269.30800689497966,272.1053771972656,29642000,272.5663800920759,275.41300310407365,274.9893544514974,24.291434874352703,0.3703736630548633,1.7291622078791216,-1.3587885448242583,285.3900158640022,268.71150085963063,0.5129726100470355,270.7166748046875,273.4141845703125,274.353271484375,57238985.71428572,273.55401611328125
2025-12-24,272.085389177814,275.17249671786806,271.9455359163183,273.55401611328125,17910600,272.52356392996654,274.9213191441127,274.9413991292318,33.54042705966323,0.3024686026412269,1.4438234868315427,-1.1413548841903158,285.3774882124503,268.4083211137215,0.5323815835382772,272.1053771972656,270.7166748046875,271.5858764648437,52596342.85714286,273.1444091796875
2025-12-26,273.9037084592662,275.1125687682936,272.6049054553,273.1444091796875,21521800,272.35086931501115,274.53739275251115,274.93906758626304,36.14837604579073,0.21314449960726733,1.1976876893866877,-0.9845431897794203,285.33037022403107,268.0408272857345,-0.14973530252399003,273.55401611328125,272.1053771972656,271.935546875,50292514.28571428,273.50408935546875
2025-12-29,272.4350823114352,274.10350406329195,272.0954038139857,273.50408935546875,23715200,272.6248997279576,274.24266924176897,274.96604207356773,39.06838957137066,0.16942466652773192,0.9920350848148967,-0.8226104182871647,285.1392547019711,267.7234192482243,0.13168132449112857,273.1444091796875,273.55401611328125,273.4141845703125,46517728.571428575,272.82470703125
2025-12-30,272.5549704076282,273.82377221524894,272.0254670796708,272.82470703125,22139600,272.7519226074219,273.95008632114957,274.9883544921875,39.13052632601868,0.07904472965850573,0.8094370137836185,-0.7303922841251128,284.2300477841524,267.6315611025663,-0.2483993295382736,273.50408935546875,273.1444091796875,270.7166748046875,42304714.28571428,271.6058349609375
2025-12-31,272.80472532736104,273.42414083736213,271.4959524300237,271.6058349609375,27293600,272.4935869489397,273.45626177106584,275.1348836263021,31.27715949493475,-0.08989851685549866,0.6295699076557951,-0.7194684245112938,282.2605669723057,268.16937992710837,-0.4467601499789753,272.82470703125,273.50408935546875,272.1053771972656,25542085.714285713,270.75665283203125
2026-01-02,272.0054842546519,277.5802543100492,268.7485221479618,270.75665283203125,37838100,272.4992980957031,272.9553026471819,275.25377197265624,31.10886062630712,-0.2889779992865442,0.4458603262673273,-0.7348383255538715,280.5742374520629,268.5429378409059,-0.3126523879828924,271.6058349609375,272.82470703125,273.55401611328125,25722985.714285713,267.0101623535156
2026-01-05,270.38700744645297,271.25618925068443,265.89121426121545,267.0101623535156,45647200,271.7714102608817,272.16889517647877,275.2104797363281,25.04537631909527,-0.7405240935025859,0.2085834423133447,-0.9491075358159305,280.13296332062276,267.64146905242416,-1.3837113287258118,270.75665283203125,271.6058349609375,273.1444091796875,28009442.85714286,262.1147155761719
2026-01-06,266.7503924619391,267.2998660934885,261.8749496989937,262.1147155761719,52352100,270.13722446986606,271.33039419991627,275.0809336344401,24.243848611702703,-1.4763804732776293,-0.12840934080485014,-1.3479711324727792,280.86676224464986,265.2672038198033,-1.8334308830022295,267.0101623535156,270.75665283203125,273.50408935546875,32929657.14285714,260.08660888671875
2026-01-07,262.95395138764474,263.4334831315393,259.5671060011504,260.08660888671875,48309800,268.2718244280134,270.3113468715123,274.7092814127604,20.66563758894634,-2.1978675668665346,-0.5423009860171871,-1.6555665808493476,281.6070512602047,262.77255384233433,-0.773747740562758,262.1147155761719,267.0101623535156,272.82470703125,36756514.28571428,258.7978515625
2026-01-08,256.7797203952787,259.0476178563403,255.4609622909548,258.7978515625,50419300,266.17093331473217,269.3979165213449,274.1471405029297,22.00358642290412,-2.8408951610192616,-1.0020198210176021,-1.8388753400016595,282.15893426898333,260.4083691978135,-0.4955108337700187,260.08660888671875,262.1147155761719,271.6058349609375,40571385.71428572,259.1275329589844
2026-01-09,258.8377955175017,259.9667440583015,255.98048371428257,259.1275329589844,39997000,264.21419416155135,268.4830583844866,273.56102193196614,21.935262122470476,-3.2860174648550924,-1.4588193497851003,-1.827198115069992,281.90719901727755,258.7209198792068,0.1273895414872772,258.7978515625,260.08660888671875,270.75665283203125,43122442.85714286,260.0067138671875
2026-01-12,258.9177364764393,261.05572011368304,256.5599267903311,260.0067138671875,45263800,262.5571768624442,267.525381905692,272.9848948160807,19.829139654982967,-3.527178428575155,-1.8724911655431113,-1.6546872630320437,281.3314534246073,257.5203288019552,0.33928502238405045,259.1275329589844,258.7978515625,267.0101623535156,45689614.28571428,260.8059387207031
2026-01-13,258.4781303943212,261.56523797230057,258.148452318208,260.8059387207031,45730800,261.1356462751116,266.8174721854074,272.3921152750651,25.614490363835955,-3.612170609231214,-2.220427054280732,-1.391743554950482,280.3430298950389,256.787359509258,0.30738623692765366,260.0067138671875,259.1275329589844,262.1147155761719,46817142.85714286,259.71697998046875
2026-01-14,259.247418118488,261.57525710051715,256.4700180914029,259.71697998046875,40019400,260.09376307896207,265.9325866699219,271.6215026855469,19.0618164635587,-3.7244640906273503,-2.5212344615500557,-1.2032296290772946,279.99128399829283,255.72543047924628,-0.41753602144793955,260.8059387207031,260.0067138671875,260.08660888671875,46013171.428571425,257.9685974121094
2026-01-15,260.40631875644857,260.7959687899761,256.8096782083212,257.9685974121094,39388600,259.50146048409596,264.81934247698103,270.68970743815106,11.651851618241807,-3.9094713924378652,-2.7988818477276176,-1.1105895447102476,279.53281155810623,254.54543551220624,-0.673187624656213,259.71697998046875,260.8059387207031,258.7978515625,44161242.85714286,255.29112243652344
2026-01-16,257.6589020182799,258.6579671912775,254.69167723491492,255.29112243652344,72142800,258.81639099121094,263.54410770961215,269.736599222819,10.482031314911495,-4.223455499972204,-3.083796578176535,-1.1396589217956685,279.56608744649526,252.88268422098525,-1.0379073276537754,257.9685974121094,259.71697998046875,259.1275329589844,47565957.14285714,246.4693756103516
2026-01-20,252.49373739571587,254.55180921698133,243.1924430560896,246.4693756103516,80267500,257.05518014090404,261.6130567278181,268.6043253580729,6.4670844654244775,-5.125052989159826,-3.4920478603731935,-1.6330051287866327,280.6503667863189,249.25178775469675,-3.4555634923675527,255.29112243652344,257.9685974121094,260.0067138671875,51829985.71428572,247.41848754882807
2026-01-21,248.4675090444481,251.3248360900433,244.9507953165175,247.41848754882807,54641700,255.38245936802454,259.79832676478793,267.5676289876302,9.441701077837536,-5.697314992842507,-3.933101286867056,-1.7642137059754512,280.6509842908211,246.65160054804613,0.3850831106810393,246.4693756103516,255.29112243652344,260.8059387207031,53922085.71428572,248.1178436279297
2026-01-22,248.96703988447877,250.76536025794263,247.9180183962477,248.1178436279297,39708300,253.68404933384485,258.12061309814453,266.5838831583659,11.871507757181831,-6.024952659014957,-4.351471561296636,-1.6734810977183212,280.5186213101341,244.52408041105727,0.28266120532467465,247.41848754882807,246.4693756103516,259.71697998046875,53128442.85714286,247.80812072753903
2026-01-23,247.0888078223564,249.176850391454,244.45126111041236,247.80812072753903,41689000,251.82721819196428,256.48143223353793,265.61345825195315,12.083135213467656,-6.237695646970195,-4.728716378431348,-1.5089792685388472,279.851687607713,242.76128846650576,-0.1248289505752398,248.1178436279297,247.41848754882807,257.9685974121094,52551042.85714286,255.17123413085935
2026-01-26,251.24490015634893,256.32015295784896,249.5664780183616,255.17123413085935,55969200,251.17782592773438,255.63579450334822,264.83518676757814,32.527251484745335,-5.7459189056791615,-4.932156883880911,-0.8137620217982509,278.18376544088113,242.59093243509545,2.9712962519965025,247.80812072753903,248.1178436279297,255.29112243652344,54829585.71428572,258.0285339355469
2026-01-27,258.92771692213245,261.7051166970889,257.96859246831417,258.0285339355469,49648300,251.18638828822546,255.34392438616072,264.17713521321616,43.583281336710954,-5.067210432719008,-4.95916759364853,-0.10804283907047818,276.4010828634568,242.86202748810575,1.1197578028024235,255.17123413085935,247.80812072753903,246.4693756103516,56295257.14285714,256.2002868652344
2026-01-28,257.409147241713,258.61800761819165,254.2720830679268,256.2002868652344,41288000,251.31626892089844,255.0663299560547,263.44981587727864,43.858580539126606,-4.623555863413685,-4.892045247601561,0.26848938418787593,274.25922485484534,243.27350524769375,-0.7085445328186779,258.0285339355469,255.17123413085935,247.41848754882807,51887428.571428575,258.0385437011719
2026-01-29,257.75880668092503,259.4072580677027,254.17216647920577,258.0385437011719,67253000,252.96900721958704,255.01209368024553,262.9226430257161,48.82057539197228,-4.076631585867062,-4.728962515254661,0.652330929387599,272.0353067971215,244.0188069724097,0.7175077196164281,256.2002868652344,258.0285339355469,248.1178436279297,50028214.28571428,259.2374267578125
2026-01-30,254.9314433110553,261.6551472598355,251.94423313215475,259.2374267578125,92443400,254.65742710658483,255.0199432373047,262.4187815348307,50.16620879628091,-3.5060349241726954,-4.484376997038268,0.9783420728655727,269.9031023379387,244.91417061128,0.46461394466286166,258.0385437011719,256.2002868652344,247.80812072753903,55428457.14285714,269.7575988769531
2026-02-02,259.7869174093499,270.2371306501278,258.9676766447768,269.7575988769531,73913400,257.74882071358815,255.7164350237165,262.3578389485677,61.4179111944608,-2.1798154341482245,-4.02346468446026,1.8436492503120352,269.6345299202146,245.0828376334963,4.058122413384724,259.2374267578125,258.0385437011719,255.17123413085935,60314900.0,269.22808837890625
2026-02-03,268.9483513556569,271.6258386480508,267.3598109321867,269.22808837890625,64394700,260.8088160923549,256.3180171421596,262.26759033203126,59.92470262968999,-1.1581535323020375,-3.4504024540286156,2.292248921726578,270.14607021282563,244.79308994342432,-0.19629122599374993,269.7575988769531,259.2374267578125,258.0285339355469,63558571.428571425,276.23150634765625
2026-02-04,272.03545112075,278.68922850453845,272.03545112075,276.23150634765625,90545700,263.8174264090402,257.4976261683873,262.3615010579427,67.07997745175831,0.21416937442700146,-2.7174880883374923,2.931657462764494,273.2804000752719,243.07043915812653,2.6012954335186356,269.22808837890625,269.7575988769531,256.2002868652344,68498071.42857143,275.6520690917969
2026-02-05,277.86999494352693,279.2387093202658,272.97458180817284,275.6520690917969,52977400,266.3350742885045,258.760731288365,262.52601420084636,68.7421200565383,1.240687547329344,-1.925852961204125,3.166540508533469,275.9578934669663,241.9494917869399,-0.20976508564164442,276.23150634765625,269.22808837890625,258.0385437011719,68973657.14285715,277.8599853515625
2026-02-06,276.8609202349588,280.6473855638201,276.6710954236804,277.8599853515625,50453400,269.42931692940846,260.3727929251535,262.71783447265625,74.16046132279104,2.2069308596719566,-1.099296197028909,3.3062270567008656,278.8953492757747,240.91824935703778,0.8009793893585249,275.6520690917969,276.23150634765625,259.2374267578125,70283000.0,274.6199951171875
2026-02-09,277.9100036621094,278.20001220703125,271.70001220703125,274.6199951171875,44623400,271.798095703125,262.38355146135603,262.7533671061198,84.22614707782287,2.680348127173488,-0.34336733218842963,3.0237154593619175,280.7683595036458,240.594485344987,-1.166051394653178,277.8599853515625,275.6520690917969,269.7575988769531,67050200.0,273.67999267578125
2026-02-10,274.8900146484375,275.3699951171875,272.94000244140625,273.67999267578125,34376900,273.861319405692,264.2593732561384,262.77121988932294,81.93639419654751,2.9457278641958737,0.31445170708843106,2.631276157107443,282.2694481111366,240.46072461835558,-0.3422920610733904,274.6199951171875,277.8599853515625,269.22808837890625,58754985.71428572,275.5
2026-02-11,274.70001220703125,280.17999267578125,274.45001220703125,275.5,51931300,274.6816624232701,266.2152415684291,262.83775024414064,82.41567758691632,3.265262682721527,0.9046139022150503,2.3606487805064766,283.9336163018913,240.26596255553062,0.6650129249217152,273.67999267578125,274.6199951171875,276.23150634765625,55614685.71428572,261.7300109863281
2026-02-12,275.5899963378906,275.7200012207031,260.17999267578125,261.7300109863281,81077200,273.61050851004467,267.2096623011998,262.4679270426432,62.49805142805326,2.379938842211118,1.1996788902142639,1.180259951996854,284.00655948877977,240.3943224692281,-4.998181130189428,275.5,273.67999267578125,275.6520690917969,57997900.0,255.77999877929688
2026-02-13,262.010009765625,262.2300109863281,255.4499969482422,255.77999877929688,56290700,270.6888645717076,267.25314549037387,261.9403991699219,50.56073085031627,1.1845423940456499,1.196651590980541,-0.012109196934891209,284.00823043046205,240.1737916642645,-2.2733396848946263,261.7300109863281,275.5,277.8599853515625,53104328.571428575,263.8800048828125
2026-02-17,258.04998779296875,266.2900085449219,255.5399932861328,263.8800048828125,58469100,269.00714111328125,267.67110770089283,261.7111775716146,54.915067240250536,0.8806334996774012,1.1334479727199132,-0.2528144730425119,284.2120978475306,240.82881249182492,3.1667863563111576,255.77999877929688,261.7300109863281,274.6199951171875,53888857.14285714,264.3500061035156
2026-02-18,263.6000061035156,266.82000732421875,262.45001220703125,264.3500061035156,34203300,267.07714407784596,268.2532305036272,261.6225056966146,57.00537660358986,0.6699855060298887,1.0407554793819083,-0.37076997335201956,283.75231364475866,243.07665974391327,0.17811172199722058,263.8800048828125,255.77999877929688,273.67999267578125,51567414.28571428,260.5799865722656
2026-02-19,262.6000061035156,264.4800109863281,260.04998779296875,260.5799865722656,30845300,265.07142857142856,268.4347621372768,261.57134806315105,52.11436748223766,0.19657044291824377,0.8719184720891754,-0.6753480291709316,283.03640743308944,245.10871585792614,-1.4261469431454121,264.3500061035156,263.8800048828125,275.5,49599114.28571428,264.5799865722656
2026-02-20,258.9700012207031,264.75,258.1600036621094,264.5799865722656,42070500,263.7714276994978,268.8163735525949,261.72112731933595,54.2468353417045,0.14250940551829672,0.7260366587749997,-0.583527253256703,282.3094245110428,247.4819130744065,1.5350373037534393,260.5799865722656,264.3500061035156,261.7300109863281,50698200.0,266.17999267578125
2026-02-23,263.489990234375,269.42999267578125,263.3800048828125,266.17999267578125,37308200,262.4399980817522,268.56083025251115,261.9671986897786,46.686193731778175,0.226165667601947,0.6260624605403892,-0.39989679293844216,281.2597429012725,250.36878187900095,0.6047343656806037,264.5799865722656,260.5799865722656,255.77999877929688,48609185.71428572,272.1400146484375
2026-02-24,267.8599853515625,274.8900146484375,267.7099914550781,272.1400146484375,47014600,263.92714146205356,268.7688249860491,262.4009480794271,52.45066967198041,0.7645742848013128,0.6537648253925739,0.11080945940873899,281.49877225021345,251.82663058181782,2.2390946489790453,266.17999267578125,264.5799865722656,263.8800048828125,43743100.0,274.2300109863281
2026-02-25,271.7799987792969,274.94000244140625,271.04998779296875,274.2300109863281,33714300,266.5628574916295,268.62586103166853,262.87505798339845,48.163678321576505,1.3444146553185874,0.7918947913777765,0.5525198639408109,282.09149918621125,252.85405135089815,0.7679856784716499,272.1400146484375,266.17999267578125,264.3500061035156,40517900.0,272.95001220703125
2026-02-26,274.95001220703125,276.1099853515625,270.79998779296875,272.95001220703125,32345100,267.8585728236607,268.43285696847096,263.2798604329427,47.55239458469962,1.6812764144372636,0.969771115989674,0.7115052984475896,282.1058530312072,254.51467004008188,-0.4667610137537803,274.2300109863281,272.1400146484375,260.5799865722656,36785900.0,264.17999267578125
2026-02-27,272.8099975585937,272.8099975585937,262.8900146484375,264.17999267578125,72366500,267.8342851911272,267.4557146344866,263.4286275227865,38.924889092251334,1.2264369022574897,1.0211042732432372,0.20533262901425253,281.7055142784012,255.52915369034886,-3.2130496937285313,272.95001220703125,274.2300109863281,264.5799865722656,42237785.71428572,264.7200012207031
2026-03-02,262.4100036621094,266.5299987792969,260.20001220703125,264.7200012207031,41827900,268.4257158551897,266.74857221330916,263.65367431640624,41.618710667856504,0.8991822749051721,0.9967198735756242,-0.09753759867045209,281.36780506244537,256.41512035259365,0.2044093269336189,264.17999267578125,272.95001220703125,266.17999267578125,43806728.571428575,263.75
2026-03-03,263.4800109863281,265.5599975585937,260.1300048828125,263.75,38568900,268.30714634486606,266.0392870221819,263.93563690185545,41.59758173472213,0.5551600931353846,0.9084079174875763,-0.3532478243521917,281.267299182767,255.91486634457675,-0.36642536122324376,264.7200012207031,264.17999267578125,272.1400146484375,43306500.0,262.5199890136719
2026-03-04,264.6499938964844,266.1499938964844,261.4200134277344,262.5199890136719,39803100,267.78428867885043,265.11214338030135,264.4706573486328,38.90599087812759,0.1811798994704077,0.7629623138841427,-0.581782414413735,281.21279874881486,255.2985568420055,-0.4663548763329417,263.75,264.7200012207031,274.2300109863281,43662914.28571428,260.2900085449219
2026-03-05,260.7900085449219,261.5599975585937,257.25,260.2900085449219,49658600,266.0914306640625,265.009286063058,264.8997080485026,48.4667803492099,-0.29177943380813076,0.5520139643456881,-0.8437933981538188,280.3107552874448,254.60645052310207,-0.8494516844711031,262.5199890136719,263.75,272.95001220703125,44040628.571428575,257.4599914550781
2026-03-06,258.6300048828125,258.7699890136719,254.3699951171875,257.4599914550781,41120000,263.69571358816967,265.12928553989957,265.2111129760742,51.916046199511044,-0.8847628452952563,0.2646586024174992,-1.1494214477127556,279.5339004368758,253.56409760999918,-1.0872553678353492,260.2900085449219,262.5199890136719,264.17999267578125,45098585.71428572,259.8800048828125
2026-03-09,255.69000244140625,261.1499938964844,253.67999267578125,259.8800048828125,38218500,261.8285696847098,264.8435712541853,265.61350911458334,44.75892293051191,-1.1462187165237765,-0.01751686137075592,-1.1287018551530206,277.8004558602306,253.4995441397693,0.9399570838394267,257.4599914550781,260.2900085449219,264.7200012207031,45937642.85714286,260.8299865722656
2026-03-10,257.6499938964844,262.4800109863281,256.95001220703125,260.8299865722656,30590800,261.3499973842076,264.5921412876674,265.80213419596356,45.44511822379197,-1.262218723410001,-0.2664572337786049,-0.9957614896313962,276.5183448819795,253.40265426352838,0.36554627966916,259.8800048828125,257.4599914550781,263.75,39969685.71428572,260.8099975585937
2026-03-11,261.0899963378906,262.1300048828125,259.54998779296875,260.8099975585937,26218900,260.79142543247764,264.60857064383373,265.8948496500651,50.32962265487708,-1.340312225925345,-0.48122823220795297,-0.8590839937173921,275.2468070785642,253.38719255522483,-0.007663617950770529,260.8299865722656,259.8800048828125,262.5199890136719,37739828.571428575,255.75999450683597
2026-03-12,258.6600036621094,258.95001220703125,254.17999267578125,255.75999450683597,40794000,259.64999607631137,263.9785712105887,265.8801732381185,37.7295767496106,-1.789071626886198,-0.742796911143602,-1.0462747157425958,273.5498740715872,253.11012501288548,-1.9362766377938323,260.8099975585937,260.8299865722656,260.2900085449219,38057700.0,250.1199951171875
2026-03-13,255.47999572753903,256.3299865722656,249.5200042724609,250.1199951171875,36930000,257.87856837681363,262.83142852783203,265.61622161865233,29.914981382617356,-2.570189950723318,-1.1082755190595452,-1.4619144316637727,274.5488952385748,250.95010225898375,-2.2051921765652516,255.75999450683597,260.8099975585937,257.4599914550781,37647257.14285714,252.82000732421875
2026-03-16,252.1100006103516,253.88999938964844,249.8800048828125,252.82000732421875,32074200,256.8114253452846,261.4514280046736,265.40230763753254,23.69282322259363,-2.937501738345702,-1.4741207629167765,-1.4633809754289255,274.8352328737822,250.3677654782686,1.079486750256109,250.1199951171875,255.75999450683597,259.8800048828125,35135200.0,254.22999572753903
2026-03-17,252.9600067138672,255.1300048828125,252.17999267578125,254.22999572753903,32361600,256.3499973842076,260.02285548618863,264.8847208658854,22.253049321335695,-3.079328118259582,-1.7951622339853377,-1.2841658842742443,274.88982484825635,249.34817258826703,0.5577044389181163,252.82000732421875,250.1199951171875,260.8299865722656,33884000.0,249.94000244140625
2026-03-18,252.6300048828125,254.94000244140625,249.0,249.94000244140625,35757900,254.92999703543526,258.3792833600725,264.2417846679688,20.537773397906008,-3.4975752806955143,-2.1356448433273734,-1.361930437368141,275.2219313199044,247.57506575040807,-1.6874457610149274,254.22999572753903,252.82000732421875,260.8099975585937,33532485.714285713,248.9600067138672
2026-03-19,249.3999938964844,251.8300018310547,247.3000030517578,248.9600067138672,34864100,253.23428562709265,257.29214150565014,263.3327346801758,25.655808323021645,-3.8635796935678854,-2.4812318133754756,-1.3823478801924098,275.72041036100654,245.91458872346604,-0.39209238936004365,249.94000244140625,254.22999572753903,255.75999450683597,34142957.14285714,247.9900054931641
2026-03-20,247.97999572753903,249.1999969482422,246.0,247.9900054931641,88331100,251.4028581891741,256.0971418108259,262.41066589355466,23.603656525434104,-4.183684904238248,-2.8217224315480305,-1.3619624726902178,275.82657091792777,244.14943005863475,-0.3896213024359052,248.9600067138672,249.94000244140625,250.1199951171875,43016128.571428575,251.4900054931641
2026-03-23,253.97000122070312,254.6000061035156,250.27999877929688,251.4900054931641,40546100,250.79285975864954,255.22142791748047,261.5316665649414,32.08649980090438,-4.1075999849146,-3.0788979422213445,-1.0287020426932556,275.24476093585565,243.2622413224451,1.411347200480817,247.9900054931641,248.9600067138672,252.82000732421875,42980714.28571428,251.63999938964844
2026-03-24,250.3500061035156,254.8300018310547,249.5500030517578,251.63999938964844,45152300,251.01000322614397,254.4442858014788,260.7656667073568,33.584792028587415,-3.9892137118228277,-3.2609610961416413,-0.7282526156811864,273.3460224428258,243.11097828959603,0.05964209042430557,251.4900054931641,247.9900054931641,254.22999572753903,44155328.571428575,252.6199951171875
2026-03-25,254.1000061035156,255.0,251.6000061035156,252.6199951171875,28476700,250.98143005371094,253.89642769949776,260.06366678873695,37.97425957275365,-3.772823511484887,-3.3633335792102903,-0.40948993227459685,270.42734522847724,243.86865391703063,0.389443542328749,251.63999938964844,251.4900054931641,249.94000244140625,43641400.0,252.88999938964844
2026-03-26,252.1199951171875,257.0,250.7700042724609,252.88999938964844,41796700,250.79000200544084,253.56999969482422,259.3100001017253,42.20934787731981,-3.5387530876450626,-3.398417480897245,-0.14033560674781764,267.2514371454771,245.0385607182924,0.10688159198788405,252.6199951171875,251.63999938964844,248.9600067138672,44989271.428571425,248.8000030517578
2026-03-27,253.8999938964844,255.4900054931641,248.07000732421875,248.8000030517578,47900000,250.62714494977678,252.77857099260603,258.8789998372396,32.12900291541739,-3.64130442255788,-3.446994869229372,-0.19430955332850797,266.2676886289082,244.48431027245897,-1.6173025219509918,252.88999938964844,252.6199951171875,247.9900054931641,46723857.14285714,246.6300048828125
