Date,Open,High,Low,Close,Volume,MA_7,MA_14,MA_30,RSI_14,MACD,Signal,Hist,BB_upper,BB_lower,Daily_Return,Close_lag1,Close_lag2,Close_lag5,Vol_MA_7,Target
2025-06-23,201.01828233775663,201.686247808318,198.3563846401482,200.888671875,55814300,197.79666137695312,199.5591539655413,201.94712626139324,49.65348487934019,-0.7858845932899783,-0.685977444785613,-0.09990714850436533,204.46156282489494,194.39767637188243,0.24874411519943962,200.3902130126953,195.9835968017578,195.85400390625,53607328.571428575,199.6923065185547
2025-06-24,201.9753521214132,202.82277936444737,199.5926038267289,199.6923065185547,54064000,197.95332554408483,199.34765298025948,202.01458689371745,44.78760454848005,-0.6803509732266946,-0.6848521504738294,0.0045011772471348355,204.18770183578448,195.1730113600163,-0.595536495551996,200.888671875,200.3902130126953,197.81802368164065,55058671.428571425,200.948486328125
2025-06-25,200.8388194477268,203.052085424857,200.0113357524488,200.948486328125,39525700,198.68110874720983,199.25792476109095,201.70785369873047,47.849799935227026,-0.4897065741432698,-0.6458230352077176,0.15611646106444776,204.29015894947335,195.20514286937433,0.629057689537782,199.6923065185547,200.888671875,195.0464630126953,53355585.71428572,200.3902130126953
2025-06-26,200.81890119127092,202.0252370277816,198.85489170599743,200.3902130126953,50799100,199.04856436593192,199.2842745099749,201.31139424641927,50.668629188474,-0.37929522595953813,-0.5925174733580817,0.21322224739854356,204.32814674206713,195.22497978381176,-0.2778191195320079,200.948486328125,199.6923065185547,195.9835968017578,54466785.71428572,200.469970703125
2025-06-27,201.27751091280396,202.6034778198992,199.39324535272064,200.469970703125,73188600,199.82335117885046,199.08203451974052,200.93753255208333,44.19464804842613,-0.2821057188757834,-0.530435122461622,0.24832940358583866,204.38978583475483,195.27600090840923,0.039801190502575245,200.3902130126953,200.948486328125,200.3902130126953,59371414.28571428,204.5475311279297
2025-06-30,201.39711462840117,206.7607970676305,198.65545787730727,204.5475311279297,91912800,201.04677036830358,199.34694235665458,200.7288335164388,57.131908051103565,0.12253026180243864,-0.3998420456088099,0.5223723074112485,205.06964586191467,195.026827831933,2.034000608920694,200.469970703125,200.3902130126953,200.888671875,66016857.14285714,207.18951416015625
2025-07-01,206.04299395149744,209.55231908550664,205.5146031050056,207.18951416015625,78788900,202.01809910365515,199.71368408203125,200.61451466878256,59.36026188604462,0.648912878730215,-0.19009106074100499,0.83900393947122,206.29733386498123,194.40928387183516,1.2916230362977066,204.5475311279297,200.469970703125,199.6923065185547,63441914.28571428,211.7954864501953
2025-07-02,208.2761972389462,212.69274987948137,207.5085290616707,211.7954864501953,67941800,203.57621547154017,200.68643842424666,200.73614451090495,74.18560764135405,1.4213538823237002,0.13219792787193602,1.2891559544517641,208.61431259388044,193.0065217567055,2.223072103194701,207.18951416015625,204.5475311279297,200.948486328125,65174414.28571428,212.9021148681641
2025-07-03,211.5063531929921,213.9987684566969,211.16738836812712,212.9021148681641,34955800,205.4633309500558,201.7083282470703,200.95846761067708,74.80129086869113,2.0986229881984286,0.5254829399372345,1.5731400482611941,210.83569562656487,191.85488207118902,0.5224985841371987,211.7954864501953,207.18951416015625,200.3902130126953,62444671.428571425,209.31304931640625
2025-07-07,212.0347627655988,215.57399579559092,208.16654427869605,209.31304931640625,50229000,206.65826851981026,202.66968863351005,201.21967264811198,72.6662815510428,2.3190237765560937,0.8841911072610065,1.4348326692950872,211.91706561350753,191.70268536305497,-1.6857820101882526,212.9021148681641,211.7954864501953,200.469970703125,63973714.28571428,209.3728485107422
2025-07-08,209.46258702266437,210.78853856973336,207.81758380403343,209.3728485107422,42848900,207.9415021623884,203.49503326416016,201.50713043212892,70.7930130630261,2.4700451416089493,1.2013619141305951,1.2686832274783542,212.7596129795481,191.467289791448,0.028569262418765007,209.31304931640625,212.9021148681641,204.5475311279297,62837971.428571425,210.4994354248047
2025-07-09,208.8943192909964,210.6888614301138,206.59132988433592,210.4994354248047,48749400,209.37428283691406,204.59881700788225,202.0345260620117,79.55766500733152,2.650088242511657,1.4911071798068076,1.1589810627048496,213.85798864933153,191.33497552303177,0.5380768910944633,209.3728485107422,209.31304931640625,207.18951416015625,59346657.14285714,211.7655792236328
2025-07-10,209.87133445003573,212.8323250717279,209.39279496736208,211.7655792236328,44443600,210.40543256487166,205.7261014665876,202.43995869954426,79.81175974146502,2.861950140361728,1.7652757719177918,1.096674368443936,215.05976382161984,191.10424527261844,0.6014951043801897,210.4994354248047,209.3728485107422,211.7954864501953,52565342.85714286,210.51937866210935
2025-07-11,209.931172276849,211.48643705736623,209.2233196075129,210.51937866210935,39765800,210.8811274937221,206.4496132986886,202.7968724568685,71.72803727733515,2.8959119797482344,1.9914030134838805,0.904508966264354,215.88285089046346,191.5154035040678,-0.5884811715351712,211.7655792236328,210.4994354248047,212.9021148681641,46990614.28571428,207.987060546875
2025-07-14,209.29308368901167,210.27012140888863,206.9103353456299,207.987060546875,38840100,210.33706665039062,206.9566410609654,203.08499552408855,64.00472524005517,2.6875101298500397,2.1306244367571123,0.5568856930929273,216.247699403932,192.08969531042348,-1.2028907416161472,210.51937866210935,211.7655792236328,209.31304931640625,42833228.571428575,208.4755859375
2025-07-15,208.5852528191871,211.24715053377864,208.28615994072268,208.4755859375,42296300,209.70470537458147,207.58401816231864,203.35949300130207,67.82683453919186,2.532576117588178,2.211014772923326,0.3215613446648522,216.35728324713423,193.24226967034625,0.23488258805162143,207.987060546875,210.51937866210935,209.3728485107422,43881871.428571425,209.52239990234372
2025-07-16,209.6619745482938,211.75559423754484,208.00700716596052,209.52239990234372,47490500,209.73461260114397,208.19644056047713,203.64063720703126,67.55106018523716,2.465834331757037,2.2619786846900682,0.2038556470669688,216.63520700337747,194.13478353617333,0.5021278439565346,208.4755859375,207.987060546875,210.4994354248047,43490657.14285714,209.38282775878903
2025-07-17,209.93116216460888,211.15742622671812,208.95412441878605,209.38282775878903,48068100,209.7360382080078,208.83877018519811,203.86495412190754,68.72920795414524,2.3743091224974364,2.284444772251542,0.08986435024589445,216.36175453404246,195.84187248011767,-0.06661442577010623,209.52239990234372,208.4755859375,211.7655792236328,44236257.14285714,210.539306640625
2025-07-18,210.23024956462243,211.1474566075158,209.06380098140497,210.539306640625,48974600,209.74173409598214,209.55800846644811,204.1427749633789,70.07151364878983,2.3677984092638837,2.3011154996540104,0.06668290960987333,216.08316108395246,197.5760369140944,0.5523274731814354,209.38282775878903,209.52239990234372,210.51937866210935,44268428.571428575,211.8353576660156
2025-07-21,211.4565208835752,215.12534891613052,210.98794558852117,211.8353576660156,51377400,209.75170244489394,210.0785675048828,204.5365763346354,66.33885082919792,2.439102651242962,2.328712929971801,0.11038972127116109,216.39047259529946,198.41323986807947,0.6155862513610666,210.539306640625,209.38282775878903,207.987060546875,45258971.428571425,213.74952697753903
2025-07-22,212.4933551608528,214.29786137817436,211.58611235366487,213.74952697753903,46404100,210.21315220424103,210.54713984898157,204.88484954833984,65.20328595829244,2.619869023499149,2.3869441486772707,0.23292487482187818,216.91090251730844,199.17889545632437,0.9036118108957769,211.8353576660156,210.539306640625,208.4755859375,46207300.0,213.5002899169922
2025-07-23,214.3477172095632,214.4972560435483,211.76557859278188,213.5002899169922,46989300,211.00075639997206,210.66891152518136,205.30689849853516,54.950760919271296,2.711756882704748,2.451906695482766,0.2598501872219816,216.99223855282378,200.47835776065278,-0.11660239162682995,213.74952697753903,211.8353576660156,209.52239990234372,47371471.428571425,213.11148071289065
2025-07-24,213.251055366678,215.03563331063384,212.8821827557749,213.11148071289065,46022600,211.66302708217071,210.6838662283761,205.67544352213542,50.634450754580705,2.7218294640035197,2.505891249186917,0.2159382148166027,216.95176287079445,201.73513288115865,-0.18211179209766115,213.5002899169922,213.74952697753903,209.38282775878903,47903800.0,213.23110961914065
2025-07-25,214.0486138925591,214.5869840936473,212.75255494873,213.23110961914065,40268800,212.1928427559989,210.96372767857142,206.1772496541341,65.03438116249569,2.7082461345908087,2.5463622262676955,0.16188390832311317,216.50137999597823,203.46960541661943,0.05613442591165807,213.11148071289065,213.5002899169922,210.539306640625,46872128.571428575,213.40061950683597
2025-07-28,213.38067592321025,214.1981955143971,212.41361748607304,213.40061950683597,37858000,212.76681300571985,211.25142560686385,206.67074839274088,65.32632097228597,2.6802628774073867,2.5731423564956337,0.10712052091175295,215.540183493621,205.72386679934777,0.07949585217563726,213.23110961914065,213.11148071289065,211.8353576660156,45413542.85714286,210.6290435791016
2025-07-29,213.53020352524888,214.1582970701604,210.18041185237743,210.6290435791016,51411700,212.77963256835938,211.26068333217077,207.16324971516926,50.43830860558634,2.4066999907645084,2.539853883349409,-0.13315389258490073,214.9244334626545,206.94776807543147,-1.2987665800312187,213.40061950683597,213.23110961914065,213.74952697753903,45761700.0,208.4157867431641
2025-07-30,211.2571312800854,211.74565019362484,207.08981987426867,208.4157867431641,45512500,212.29112243652347,211.0214124407087,207.51650848388672,39.35367043574243,1.98838721242808,2.4295605491651435,-0.4411733367370636,214.77538860625444,207.2194401901323,-1.0507842595346095,210.6290435791016,213.40061950683597,213.5002899169922,44923857.14285714,206.9402618408203
2025-07-31,207.85746883247032,209.2033639475293,206.5315020865265,206.9402618408203,80698400,211.31837027413508,210.76576123918807,207.91296844482423,38.78826175779195,1.520283907135024,2.2477052207591197,-0.7274213136240957,214.92073376623034,206.58857256921885,-0.7079717546358943,208.4157867431641,210.6290435791016,213.11148071289065,49823042.85714286,201.76600646972656
2025-08-01,210.23023901853355,212.93202387361225,200.8886714237977,201.76600646972656,104434500,209.64204406738284,210.32140023367745,208.1057154337565,33.279800655023394,0.7234500183180614,1.942854180270908,-1.2194041619528466,215.8626163001688,204.53307919543667,-2.500361855671096,206.9402618408203,208.4157867431641,213.23110961914065,58029500.0,202.7330780029297
2025-08-04,203.8895472057539,207.24933356384108,201.06813110178,202.7330780029297,75109300,208.159415108817,209.91122109549386,208.18381093343098,34.9530408498626,0.168050825815925,1.5878935093799116,-1.4198426835639866,216.4415315797801,203.29616678447772,0.47930350118132736,201.76600646972656,206.9402618408203,213.40061950683597,62184742.85714286,202.3043670654297
2025-08-05,202.7829065525681,204.7170232958933,201.5466782764192,202.3043670654297,44155100,206.59845188685827,209.39564732142858,208.231000773112,30.45361047959298,-0.30320526390300984,1.2096737547233274,-1.5128790186263372,216.90927650363466,202.12157371609192,-0.21146570738387327,202.7330780029297,201.76600646972656,210.6290435791016,62739928.571428575,212.60302734375
2025-08-06,205.0061502968161,214.72657006985975,204.96626313259569,212.60302734375,108483100,206.48451014927454,209.6256615774972,208.66135813395184,55.62520757444831,0.15257788189717303,0.9982545801580965,-0.8456766982609235,217.1323034955833,202.10890591603777,5.0906762062084,202.3043670654297,202.7330780029297,208.4157867431641,72829228.57142857,219.36245727539065
2025-08-07,218.2159523061407,220.1799768073744,215.92292715514495,219.36245727539065,90224800,207.73214067731584,210.2558866228376,209.27515716552733,62.8895849717436,1.0471479435877598,1.0080332528440292,0.03911469074373053,218.65083754839733,201.35005966839955,3.179366736256095,212.60302734375,202.3043670654297,206.9402618408203,78373957.14285715,228.6541748046875
2025-08-08,220.16001960779295,230.2991627392556,218.5848113878,228.6541748046875,113854000,210.6233389718192,211.4572307041713,210.21728922526043,69.91733380748764,2.477308245613102,1.3018882513978438,1.1754199942152583,222.93073993491316,198.88363689614152,4.235782934192733,219.36245727539065,212.60302734375,201.76600646972656,88137028.57142857,226.747802734375
2025-08-11,227.486400432218,229.12327986736796,224.3324083989562,226.747802734375,61806100,213.45298767089844,212.38567897251673,211.0932169596354,65.39578047663478,3.4174975108716694,1.725010103292609,1.6924874075790604,225.69773546862697,197.9927155811777,-0.8337359560309343,228.6541748046875,219.36245727539065,202.7330780029297,85438128.57142857,229.21310424804688
2025-08-12,227.57622481823225,230.36092560837628,226.63802588155735,229.21310424804688,55626200,217.3740016392299,213.50802285330636,211.915402730306,67.68273270431936,4.3118294205167444,2.242373966737436,2.0694554537793084,228.64530748541108,197.1188953954483,1.0872438382831362,226.747802734375,228.6541748046875,202.3043670654297,78465514.28571428,232.88612365722656
2025-08-13,230.6304284784954,234.552944884794,229.99163136972763,232.88612365722656,69878500,221.68157958984375,214.92049734933036,212.77195638020834,70.72204009802402,5.256383554212931,2.8451758842325354,2.4112076699803957,232.0669687228466,196.03360653350106,1.6024473911425474,229.21310424804688,226.747802734375,212.60302734375,77718257.14285715,232.337158203125
2025-08-14,233.6147219132583,234.6727029329224,230.41083714463488,232.337158203125,51916300,225.97197832380022,216.28521510532923,213.45667877197266,69.84286512986489,5.892724921263522,3.4546856916387325,2.4380392296247893,234.8161116743579,195.57989662642336,-0.23572269806403368,232.88612365722656,229.21310424804688,219.36245727539065,78827000.0,231.1494140625
2025-08-15,233.5548328767578,233.834298979768,228.9036945156081,231.1494140625,56038700,228.62146214076452,217.55298614501953,214.0649220784505,68.05147966000949,6.229380591680467,4.00962467164708,2.2197559200333874,236.95041945024184,195.5065995927269,-0.5112157477567991,232.337158203125,232.88612365722656,228.6541748046875,71334942.85714285,230.4507598876953
2025-08-18,231.25921652669464,232.67651332576617,229.672244959047,230.4507598876953,37476200,230.20550537109375,218.9688230242048,214.76951243082684,71.04721834449984,6.366418968043519,4.480983530926368,1.8854354371171507,238.70621410723518,195.61234515790156,-0.30225219373292145,231.1494140625,232.337158203125,226.747802734375,63799428.571428575,230.1213836669922
2025-08-19,230.8400151681398,232.42698672077373,228.9136940815642,230.1213836669922,39402600,230.41510663713728,220.51922280447823,215.46113026936848,74.0080646957916,6.374958408066192,4.859778506354333,1.5151799017118588,240.21237468992248,195.74337024415954,-0.1429269406026834,230.4507598876953,231.1494140625,229.21310424804688,53163514.28571428,225.5800323486328
2025-08-20,229.54248102593337,230.0315543310328,225.3404986724704,225.5800323486328,42263900,230.24828229631697,221.8506349836077,215.96381683349608,69.30756917101,5.946726714219778,5.077168147927422,0.8695585662923566,240.96004564809584,196.20367352915025,-1.9734590701623533,230.1213836669922,230.4507598876953,232.88612365722656,50371771.428571425,224.4721527099609
2025-08-21,225.83955683035407,226.08908123987143,223.3542882288465,224.4721527099609,30621200,229.57100350516183,223.47250257219588,216.38736928304036,75.68321384066796,5.4550707240561,5.152748663153158,0.30232206090294156,241.52016254823542,196.77962382871772,-0.4911248691372161,225.5800323486328,230.1213836669922,232.337158203125,46799628.571428575,227.3267059326172
2025-08-22,225.7397343895232,228.65417758009715,224.98118568943212,227.3267059326172,42477800,228.77680097307478,225.22919028145927,216.94761352539064,76.67899947958529,5.23541776121607,5.169282482765741,0.06613527845032863,242.32772818854613,197.38161781975464,1.2716736522523808,224.4721527099609,225.5800323486328,231.1494140625,42885242.85714286,226.72784423828125
2025-08-25,226.04912998143797,228.8637723966904,225.7996055926997,226.72784423828125,30983100,227.97547040666853,226.97372436523438,217.57230631510416,76.39697488537406,4.955889660739473,5.1266039183604875,-0.17071425762101455,242.97865010794953,198.06341837349578,-0.2634365777127168,227.3267059326172,224.4721527099609,230.4507598876953,39894785.71428572,228.87376403808597
2025-08-26,226.438403395408,229.0534295301293,224.2625578823749,228.87376403808597,54575100,227.65037754603796,228.13591984340124,218.2522455851237,71.34754822882368,4.851593273618448,5.07160178941208,-0.2200085157936318,243.680254916483,199.18628561086078,0.94647386915101,226.72784423828125,227.3267059326172,230.1213836669922,39685700.0,230.0515289306641
2025-08-27,228.17510050695543,230.46073738560716,227.82576024347395,230.0515289306641,31259500,227.59334455217635,228.89942496163505,218.9365498860677,66.43083217738153,4.808543522733629,5.01899013607639,-0.2104466133427607,244.19368515745464,200.83642958863913,0.5145914812595631,228.87376403808597,226.72784423828125,225.5800323486328,38797600.0,232.1175842285156
2025-08-28,230.3809040856524,232.9659733126178,228.90370861616245,232.1175842285156,38074700,227.8785160609654,229.14681134905135,219.69437510172526,56.84419061863001,4.884830396681139,4.99215818819734,-0.10732779151620164,244.54973521476816,202.9981117700951,0.8980837064874292,230.0515289306641,228.87376403808597,224.4721527099609,38607900.0,231.6983795166016
2025-08-29,232.0676707602769,232.9360260407387,230.92984008944924,231.6983795166016,39418400,228.75256565638952,229.50042397635323,220.3996775309245,60.39397277020762,4.855490900428293,4.964824730643531,-0.10933383021523735,243.53131067197742,207.00977361757336,-0.18060015285240594,232.1175842285156,230.0515289306641,227.3267059326172,38201400.0,229.28298950195312
2025-09-02,228.8138823959992,230.4108447009183,226.53822101083423,229.28298950195312,44075600,229.43982805524553,229.5054157802037,220.98126525878905,50.147035595455634,4.584490201051096,4.888757824725044,-0.30426762367394744,241.5141679716461,211.68190746780704,-1.0424716908628229,231.6983795166016,232.1175842285156,226.72784423828125,40123457.14285714,238.01634216308597
2025-09-03,236.75874463665696,238.395624134605,233.9141603097862,238.01634216308597,66427800,230.9669189453125,229.87185995919364,221.7901590983073,58.898881995468734,5.0166005183695574,4.914326363453947,0.10227415491561054,238.97916638879187,217.78810656042688,3.808984120498149,229.28298950195312,231.6983795166016,228.87376403808597,43544885.71428572,239.32383728027344
2025-09-04,237.996365667052,239.4436041167336,236.2896273284533,239.32383728027344,47549400,232.76634652273995,230.37090846470423,222.65094401041668,61.80836407843858,5.402280855891945,5.011917261941546,0.3903635939503989,238.52422414847265,220.91512979439844,0.5493299768011717,238.01634216308597,229.28298950195312,230.0515289306641,45911500.0,239.2340087890625
2025-09-05,239.5434165987409,240.8609127003189,238.0362947520209,239.2340087890625,54870400,234.24638148716517,230.94837951660156,223.52169494628907,64.19062607467814,5.635721800738594,5.136678169700956,0.4990436310376376,239.07012155437957,222.3563875398587,-0.03753428502223377,239.32383728027344,238.01634216308597,232.1175842285156,45953685.71428572,237.42745971679688
2025-09-08,238.84475646782596,239.69313028194867,235.89038089866293,237.42745971679688,48999500,235.30008588518416,231.44671521868025,224.32823994954427,61.78752168790556,5.610280201326731,5.231398576026112,0.3788816253006191,239.96242734616072,222.3414102392885,-0.7551389041256629,239.2340087890625,239.32383728027344,231.6983795166016,48487971.428571425,233.9041748046875
2025-09-09,236.54912730927947,238.3257397896772,232.9160527142261,233.9041748046875,66313900,235.55531311035156,231.7169145856585,225.01169179280598,55.7686499336129,5.245352742116978,5.234189409244285,0.011163332872692777,240.14670849602368,222.8727662964568,-1.4839416284502027,237.42745971679688,239.2340087890625,229.28298950195312,52522142.85714286,226.35855102539065
2025-09-10,231.7482872752143,231.9778454619465,225.5201526853384,226.35855102539065,83440800,234.79248046875,231.77252306256975,225.5360087076823,51.08756680986802,4.297734713423324,5.046898470080093,-0.7491637566567686,240.25449123204746,222.47952823816738,-3.225946602106411,233.9041748046875,237.42745971679688,238.01634216308597,58811057.14285714,229.59239196777344
2025-09-11,226.44839058875493,230.0115911363252,226.21881717306923,229.59239196777344,50208600,234.83668082101005,232.1382544381278,226.2418955485026,56.751775469863745,3.7642921198115573,4.790377200026386,-1.0260850802148287,240.0933468042365,222.31129949703302,1.4286365271970913,226.35855102539065,233.9041748046875,239.32383728027344,59687200.0,233.6247100830078
2025-09-12,228.78393068206051,234.063860229386,228.584314210114,233.6247100830078,55824200,234.2093048095703,232.5881118774414,227.13137715657552,58.05464291485083,3.625121252301824,4.557326010481473,-0.9322047581796493,240.21080966737097,222.32259182188685,1.7562943095258854,229.59239196777344,226.35855102539065,239.2340087890625,58172400.0,236.24969482421875
2025-09-15,236.549127145038,237.7368657054393,234.58287368836287,236.24969482421875,42699500,233.7701416015625,233.26824406215124,228.28083343505858,61.57767168618595,3.6841728169158614,4.382695371768351,-0.6985225548524898,240.7384270820672,222.30500248336247,1.123590368620797,233.6247100830078,229.59239196777344,237.42745971679688,57479557.14285714,237.6969451904297
2025-09-16,236.72878926810645,240.76111223381088,235.87043992435724,237.6969451904297,63421100,233.5505610874721,233.89847128731864,229.44629567464193,60.9135808434227,3.803903584024397,4.266937014219561,-0.4630334301951642,241.48515498750794,222.2828931081952,0.6125935389198034,236.24969482421875,233.6247100830078,233.9041748046875,58701085.71428572,238.5353546142578
2025-09-17,238.5153883976145,239.6432435766681,237.27774187166392,238.5353546142578,46508000,233.70883178710938,234.50445883614677,230.65399525960285,60.58266759754207,3.9212420754373056,4.19779802646311,-0.276555951025804,242.30952880453066,222.29991638589905,0.3527220020250743,237.6969451904297,236.24969482421875,226.35855102539065,58345157.14285714,237.42745971679688
2025-09-18,239.5134800259323,240.74113579799257,236.199788714976,237.42745971679688,44249600,234.212158203125,234.88373565673828,231.48147633870443,56.785709271470544,3.880108342411404,4.134260089652769,-0.254151747241365,242.6245331738971,223.16965475334896,-0.46445731252398037,238.5353546142578,237.6969451904297,229.59239196777344,55193114.28571428,245.032958984375
2025-09-19,240.77107799962133,245.83144010441063,239.7530294205925,245.032958984375,163741300,236.8799307686942,235.8362056187221,232.3371597290039,64.3965490258098,4.410369794093498,4.1894820305409155,0.22088776355258233,244.232227864231,223.6180406904565,3.203293872010393,237.42745971679688,238.5353546142578,233.6247100830078,66664614.28571428,255.5928192138672
2025-09-22,247.82763635806887,256.15178189089505,247.64797087115,255.5928192138672,105517400,240.59427751813615,237.71547916957311,233.23511454264323,74.1568761399009,5.617938188572083,4.475173262147149,1.1427649264249338,249.03148467897154,221.64539520384096,4.309567281585802,245.032958984375,237.42745971679688,236.24969482421875,74565871.42857143,253.9459686279297
2025-09-23,255.3932223520852,256.8504363399061,253.0975947938589,253.9459686279297,60275200,243.497314453125,238.85330963134766,234.1417200724284,66.81415530115126,6.3686439986036305,4.853867409438446,1.5147765891651845,252.09366468272742,221.3050276390499,-0.6443258425658294,255.5928192138672,245.032958984375,237.6969451904297,75201728.57142857,251.8300018310547
2025-09-24,254.73446948849343,255.2534845023776,250.5624136207024,251.8300018310547,42303700,245.7230725969587,239.74660709926061,234.89561665852864,62.979080282409235,6.715431609577308,5.226180249466219,1.4892513601110897,254.179409101363,221.5149069997112,-0.8332350414175016,253.9459686279297,255.5928192138672,238.5353546142578,75145185.71428572,256.3813171386719
2025-09-25,252.72829161839877,256.6807646844572,251.2311452680336,256.3813171386719,55202100,248.39226858956474,240.97141483851843,235.6787897745768,66.28744573585888,7.273670057419878,5.635678211056951,1.6379918463629268,257.02337486037163,221.30392006150336,1.8072966979806315,251.8300018310547,253.9459686279297,237.42745971679688,73971042.85714285,254.97401428222656
2025-09-26,253.61660096533103,257.10994249251326,253.2972024297037,254.97401428222656,46076300,250.7406485421317,242.22474016462053,236.4333516438802,66.79404619720549,7.515882060116581,6.011718980868878,1.5041630792477036,259.1649821629486,221.44795576429752,-0.5489100657377954,256.3813171386719,251.8300018310547,245.032958984375,73909371.42857143,253.9459686279297
2025-09-29,254.0757261912774,254.5148915782133,252.52867184357527,253.9459686279297,40127700,253.1004355294364,243.65629686628068,237.1932367960612,70.14446493802798,7.537988881144571,6.3169729609240175,1.2210159202205535,260.7579046554818,222.0797921828971,-0.4031962461707783,254.97401428222656,256.3813171386719,255.5928192138672,73320528.57142857,254.1455993652344
2025-09-30,254.3751575512532,255.4331385813304,252.6284867333586,254.1455993652344,37704300,254.4022412981306,245.6410860334124,237.98306477864583,82.76838720079232,7.485330991978344,6.550644567134883,0.934686424843461,261.9125666329657,223.4113911917413,0.07861150085717306,253.9459686279297,254.97401428222656,253.9459686279297,55315242.85714286,254.9640350341797
2025-10-01,254.55481135314997,258.29769267334166,254.44502000530687,254.9640350341797,48713900,254.3124149867467,247.4533462524414,238.81115315755207,81.7274314831154,7.424060209191566,6.72532769554622,0.6987325136453464,263.38093428493266,223.63779282688378,0.3220341689918804,254.1455993652344,253.9459686279297,251.8300018310547,47200457.14285714,256.6408386230469
2025-10-02,256.09186667190835,257.68882891050583,253.66649683440303,256.6408386230469,42630200,254.69739641462053,249.09735543387276,239.8465133666992,80.58357545909274,7.425213469548112,6.8653048503465985,0.5599086192015132,264.97465084501215,223.77577640108157,0.657662791005964,254.9640350341797,254.1455993652344,256.3813171386719,44679742.85714286,257.5291442871094
2025-10-03,254.18552630266564,258.7468246365968,253.46689477740225,257.5291442871094,49155600,255.51155962262834,250.61731610979353,240.9484130859375,79.64407637138157,7.412361194088277,6.974716119094934,0.43764507499334293,266.54262680884676,224.03731398705165,0.3461279462880995,256.6408386230469,254.9640350341797,254.97401428222656,45658585.71428572,256.20166015625
2025-10-06,257.499174775338,258.57713717661323,254.56478079871025,256.20166015625,44664100,255.48589433942522,251.939081464495,241.9109115600586,75.86494456224585,7.211924224880704,7.022157740252089,0.18976648462861512,267.67668629229564,224.78067454754816,-0.5154694760991507,257.5291442871094,256.6408386230469,253.9459686279297,44153157.14285714,255.9920959472656
2025-10-07,256.32145476920215,256.9103287268919,254.94407514023973,255.9920959472656,31955800,255.63133457728796,253.18599155970983,242.88638661702473,74.83675469328894,6.955982169942899,7.008922626190252,-0.05294045624735233,268.37997934514965,226.2861736089519,-0.08179658510276688,256.20166015625,257.5291442871094,254.1455993652344,42135942.85714286,257.569091796875
2025-10-08,256.03201279963565,258.0282082133661,255.62278908467795,257.569091796875,36496900,256.148923601423,254.6246795654297,243.8428975423177,78.27922868092162,6.80198755456226,6.967535611864654,-0.1655480573023942,267.9240941227592,229.8631129084908,0.6160330239001865,255.9920959472656,256.20166015625,254.9640350341797,41617257.14285714,253.55670166015625
2025-10-09,257.3195337882977,257.50917476461467,252.6584199331141,253.55670166015625,38322000,256.0647953578404,255.23351832798548,244.62640329996745,63.310465050891274,6.283744268875495,6.830777343266822,-0.5470330743913276,266.89251623322605,233.29112176726218,-1.557791778791151,257.569091796875,255.9920959472656,256.6408386230469,41705500.0,244.80340576171875
2025-10-10,254.4550078501572,255.8922708493858,243.53581752909895,244.80340576171875,61999100,254.613276890346,254.4628459385463,245.04926401774088,32.14405663841248,5.107834964614511,6.48618886753636,-1.378353902921849,265.80820640537866,235.49330116298074,-3.4522045132806656,253.55670166015625,257.569091796875,257.5291442871094,43603385.71428572,247.18885803222656
2025-10-13,248.9055871417832,249.2149949644775,245.09284695690997,247.18885803222656,38142900,253.26299394880022,253.98019518171037,245.56561330159505,39.08417652499208,4.318622044511898,6.052675502931469,-1.734053458419571,264.8853222913444,237.5101015978158,0.9744359001401026,244.80340576171875,253.55670166015625,256.20166015625,42962342.85714286,247.29864501953125
2025-10-14,246.1308726626428,248.37659224814223,244.2344780970313,247.29864501953125,35478000,251.80149405343192,253.65652683803015,246.166135152181,42.17241886482717,3.6598357038801623,5.574107543121208,-1.9142718392410458,263.97446403885664,239.38112983321363,0.04441421356069508,247.18885803222656,244.80340576171875,255.9920959472656,41008400.0,248.86566162109372
2025-10-15,249.01538540478128,251.3409547309234,246.99922390992757,248.86566162109372,33893600,250.75349426269528,253.11969430106026,246.52777913411458,35.524830898793155,3.2269892034656777,5.104683875190102,-1.8776946717244245,262.9361307782553,241.4524937944986,0.633653533135492,247.29864501953125,247.18885803222656,257.569091796875,39469757.14285714,246.9792633056641
2025-10-16,247.77774448085987,248.56623493239263,244.6636846503341,246.9792633056641,39777000,249.4659467424665,252.54864065987724,246.7829600016276,34.881107790755294,2.7006077297908178,4.623868646110245,-1.9232609163194274,261.2884301570315,244.05537477460916,-0.7579986339383948,248.86566162109372,247.29864501953125,253.55670166015625,40587071.428571425,251.81002807617188
2025-10-17,247.5481624372989,252.89796599708643,246.79958926324147,251.81002807617188,49147000,248.64322335379464,252.3960734776088,247.20216064453126,46.46862375193053,2.642784588464508,4.227651834581097,-1.5848672461165894,260.8613951378411,245.1601167029792,1.955939420116093,246.9792633056641,248.86566162109372,244.80340576171875,42394228.571428575,261.7411193847656
2025-10-20,255.4032084113237,263.87706298772724,255.143708503654,261.7411193847656,90483000,249.8124258858817,252.93861062186105,248.0126159667969,59.50062640234344,3.35958816231647,4.054039100128172,-0.6944509378117019,262.02892244888744,244.6074194090227,3.94388237214669,251.81002807617188,246.9792633056641,247.18885803222656,49845800.0,262.27008056640625
2025-10-21,261.3817895915523,264.7853058703715,261.3318664386604,262.27008056640625,46695900,252.3076651436942,253.4604710170201,248.95814615885416,59.20520649612364,3.9250968325328586,4.028250646609109,-0.10315381407625068,263.32268823092744,244.14606482083036,0.20209326791449378,261.7411193847656,251.81002807617188,247.29864501953125,47659628.571428575,257.9583435058594
2025-10-22,262.15033525743416,262.349966966352,254.94406918261987,257.9583435058594,45015300,253.8461630684989,253.55457850864954,250.0114725748698,51.55662618977052,3.9794725000087965,4.018495017289047,-0.039022517280250746,263.76360565588254,244.31798156335574,-1.6440064574789193,262.27008056640625,261.7411193847656,248.86566162109372,48641400.0,259.0861511230469
2025-10-23,259.4454820834593,260.12418111371363,257.51916110368444,259.0861511230469,32754900,255.53009251185827,253.6657932826451,250.99459788004557,51.82924424462108,4.066691963932186,4.028134406617675,0.03855755731451094,264.1089034229346,244.2431671947412,0.4372053262009956,257.9583435058594,262.27008056640625,246.9792633056641,48252385.71428572,262.3200378417969
2025-10-24,260.69313376057823,263.62754335723145,258.68694768993146,262.3200378417969,38253700,257.452146257673,254.10282026018416,251.95110880533855,56.87996985657165,4.346656103100827,4.0918387459143055,0.2548173571865213,265.1226975393083,243.96397543432448,1.2481897255921526,259.0861511230469,257.9583435058594,251.81002807617188,48875257.14285714,268.2986145019531
2025-10-27,264.37609822840903,268.60802232244004,264.1465248140549,268.2986145019531,44888200,260.49776785714283,254.9818572998047,253.0194061279297,62.24915298410221,4.993390178153106,4.272149032362066,0.7212411457910406,267.488500993225,243.03343656781018,2.2791155068992097,262.3200378417969,259.0861511230469,261.7411193847656,49605428.571428575,268.4882507324219
2025-10-28,268.4782600095115,269.3765722048576,267.63986169210665,268.4882507324219,41534800,262.88037109375,255.76179722377233,254.04578297932943,61.176943569084855,5.458313609434839,4.509381947776621,0.948931661658218,269.5397806467824,242.41642205097148,0.07068103233436318,268.2986145019531,262.3200378417969,262.27008056640625,48517971.428571425,269.1869201660156
2025-10-29,268.76770579477784,270.8936584399069,266.6018207191691,269.1869201660156,51086700,263.94405691964283,256.8782414027623,255.0675018310547,67.16358540188259,5.816101168709366,4.77072579196317,1.045375376746196,271.4643739353494,241.91411727558804,0.26022346664624774,268.4882507324219,268.2986145019531,257.9583435058594,42889928.571428575,270.8836669921875
2025-10-30,271.4725408872279,273.6184749716116,267.969239224885,270.8836669921875,69886500,265.174569266183,258.74111720493863,256.1827087402344,83.89112776897835,6.165491725001289,5.049678978570794,1.1158127464304943,273.48198879848144,241.32078524937012,0.6303229091240592,269.1869201660156,268.4882507324219,259.0861511230469,46202871.428571425,269.85565185546875
2025-10-31,276.4630533049319,276.79244258078194,268.647962249571,269.85565185546875,86167100,266.87418474469865,260.3601739065988,257.0101318359375,80.532524992426,6.286961845377789,5.297135551932193,0.9898262934455957,275.03644870236275,240.99897610232478,-0.3795042898427692,270.8836669921875,269.1869201660156,262.3200378417969,52081700.0,268.53814697265625
2025-11-03,269.90556627002525,270.33474092754267,265.74348587775046,268.53814697265625,50194600,268.22446986607144,261.87728118896484,257.44164276123047,77.70841146498954,6.205384349660676,5.478785311477891,0.7265990381827852,276.2595765408027,241.00949694552546,-0.4882257880291285,269.85565185546875,270.8836669921875,268.2986145019531,54573085.71428572,269.5262756347656
2025-11-04,267.8195068636227,270.9734988318123,267.11086611942017,269.5262756347656,49274800,269.2539324079241,263.3530393327986,257.960986328125,77.36655606973437,6.149578804983207,5.612944010178954,0.5366347948042529,277.5381108857664,241.08438056931175,0.3679658451690937,268.53814697265625,269.85565185546875,268.4882507324219,56147528.571428575,269.6260986328125
2025-11-05,268.0989800730272,271.18312844251227,266.4221834255846,269.6260986328125,43683100,269.4435729980469,264.9706704275949,258.55418955485027,81.48774399462312,6.043738930165716,5.6991029941763065,0.3446359359894098,278.6877110006791,241.14048113799277,0.03703646251622672,269.5262756347656,268.53814697265625,269.1869201660156,55975371.428571425,269.2567749023437
2025-11-06,267.38037702601645,272.8798740142925,267.38037702601645,269.2567749023437,51204000,269.55336216517856,266.2168666294643,258.983371480306,77.69332941932132,5.862479711508797,5.7317783376428055,0.13070137386599168,279.66541614913984,241.73278331375076,-0.13697625428010785,269.6260986328125,269.5262756347656,270.8836669921875,57356685.71428572,267.9592590332031
2025-11-07,269.28671541495146,271.7719991063764,266.26248096015127,267.9592590332031,48227400,269.3779820033482,266.6610194614955,259.4162129720052,63.59671366264327,5.550153078139488,5.695453285742142,-0.14530020760265394,279.5198339866994,244.1939508033397,-0.48188791892466165,269.2567749023437,269.6260986328125,269.85565185546875,56948214.28571428,269.1781311035156
2025-11-10,268.7085692371889,273.4741297822401,267.2099714283653,269.1781311035156,41312400,269.1343340192522,267.1544516427176,259.92395172119143,64.66288634016979,5.339435076656969,5.624249643925107,-0.28481456726813814,279.4754075670817,246.4373045300863,0.4548721603090611,267.9592590332031,269.2567749023437,268.53814697265625,52866200.0,274.99267578125
2025-11-11,269.55775905965567,275.65206242273547,269.5477586519058,274.99267578125,46208300,269.8681945800781,268.3711896623884,260.61885426839194,83.98838193476104,5.577332684241696,5.614866251988425,-0.03753356774672856,279.95169269720174,248.7304224761381,2.160110352909128,269.1781311035156,267.9592590332031,269.5262756347656,47157800.0,273.21435546875
2025-11-12,274.74292397164845,275.4722525277038,271.4460210796085,273.21435546875,48398000,270.5362243652344,269.3803471156529,261.2271982828776,77.47655353249031,5.5583000420730855,5.603553010005357,-0.04525296793227174,279.8276437755372,251.28934078256833,-0.6466791551621554,274.99267578125,269.1781311035156,269.6260986328125,46901142.85714286,272.6948547363281
2025-11-13,273.85374352181776,276.4413491841305,271.83564282199285,272.6948547363281,49602800,270.98887852260043,270.1214054652623,261.7623321533203,72.55867902843508,5.438604323348102,5.5705632726739065,-0.13195894932580465,278.4502284771615,255.2383152240104,-0.19014401037990014,273.21435546875,274.99267578125,269.2567749023437,46948000.0,272.15533447265625
2025-11-14,270.7965900477885,275.702003472256,269.3479639093673,272.15533447265625,47431300,271.3501979282924,270.39688546316967,262.2498718261719,60.98397473226035,5.23980857598184,5.504412333335493,-0.2646037573536528,277.2793133575103,258.44376098330997,-0.19784761402760198,272.6948547363281,273.21435546875,267.9592590332031,47483457.14285714,267.2099609375
2025-11-17,268.5687054184609,270.2371271729127,265.48159771217263,267.2099609375,45018300,271.0577959333147,270.30557904924666,262.6168151855469,47.1354027752132,4.62984127166834,5.329498121002063,-0.6996568493337225,277.11177437177963,259.1581841243141,-1.817114312581336,272.15533447265625,272.6948547363281,269.1781311035156,46599785.71428572,267.19000244140625
2025-11-18,269.7376065335732,270.4569347049811,265.0719890725528,267.19000244140625,45677300,270.9479021344866,270.1629420689174,262.9900787353516,45.38458825603949,4.097592805390548,5.08311705787976,-0.9855242524892125,276.9410319556083,259.8209187279855,-0.007469218596389826,267.2099609375,272.15533447265625,274.99267578125,46235485.71428572,268.3089294433594
2025-11-19,265.2817633125939,271.9555110777923,265.2517925781922,268.3089294433594,40424500,270.82373046875,269.97903224400113,263.3480733235677,43.885781537841645,3.7231519410222518,4.811124034508259,-1.087972093486007,275.9183473211477,261.878661956196,0.4187757744410714,267.19000244140625,267.2099609375,273.21435546875,46108642.85714286,266.0010986328125
2025-11-20,270.5768036466949,275.17250947675234,265.67142054546326,266.0010986328125,45823600,269.53921944754467,269.70370701381137,263.7628865559896,41.371102834078904,3.2032570459775798,4.489550636802123,-1.2862935908245436,274.7462758275721,263.74222820074823,-0.8601393980195771,268.3089294433594,267.19000244140625,272.6948547363281,46053685.71428572,271.2361755371094
2025-11-21,265.70137680880595,273.0744516711978,265.4216397990326,271.2361755371094,59030800,269.2566223144531,269.89642333984375,264.64397888183595,55.13857034416779,3.177040604379613,4.227048630317622,-1.0500080259380091,274.1819558268419,265.19816197100965,1.968065895668869,266.0010986328125,268.3089294433594,272.15533447265625,47572657.14285714,275.6620788574219
2025-11-24,270.64675212306133,276.7410558404627,270.64675212306133,275.6620788574219,65585800,269.6805114746094,270.3346949986049,265.5930862426758,60.33294343291897,3.4733585790571055,4.076310620065519,-0.6029520410084137,275.2261346752855,264.89032955811297,1.6317525903571717,271.2361755371094,266.0010986328125,267.2099609375,49855942.85714286,276.7110900878906
2025-11-25,275.012667049666,280.1179060838009,274.9926967216935,276.7110900878906,46914200,270.33133370535717,270.8407658168248,266.57350107828773,61.56179127311626,3.7496159100348905,4.010971678059394,-0.26135576802450355,276.3680662382877,264.57068193065754,0.3805424506761135,275.6620788574219,271.2361755371094,267.19000244140625,49782071.428571425,277.29052734375
2025-11-26,276.70108254872224,279.26868736786383,276.3714044558947,277.29052734375,33431400,271.7714146205357,271.4146052769252,267.52099660237633,63.020756049643694,3.9695490882195372,4.002687160091423,-0.033138071871885444,277.4739838383914,264.27512504832737,0.20940152983219829,276.7110900878906,275.6620788574219,268.3089294433594,48126800.0,278.5893249511719
2025-11-28,277.0008150112318,278.73917862681736,275.73198274965245,278.5893249511719,20135600,273.39988926478793,272.1738956996373,268.5746653238932,67.22803206558726,4.200232167010768,4.0421961614752915,0.15803600553547614,278.70681436608265,263.8128603165345,0.46838874009274,277.29052734375,276.7110900878906,266.0010986328125,44477985.71428572,282.8353576660156
2025-12-01,277.75011957449965,283.1550658399818,275.88187257202503,282.8353576660156,46587700,275.47509329659596,273.149411882673,269.608842976888,70.1563431766959,4.671815739703504,4.168120077120934,0.5036956625825706,280.93533636228386,262.88230890138806,1.524118957389331,278.5893249511719,277.29052734375,271.2361755371094,45358442.85714286,285.9224548339844
2025-12-02,282.7354345985028,287.1313151163589,282.36578537497866,285.9224548339844,53669500,278.3210013253348,273.9301103864397,270.414887491862,67.54334317251352,5.234314144930863,4.38135889068292,0.8529552542479433,283.6061689148347,261.94990713497,1.0914820528252767,282.8353576660156,278.5893249511719,275.6620788574219,46479285.71428572,283.8843688964844
2025-12-03,285.9324708384744,288.35019153510143,283.0351573834178,283.8843688964844,43538700,280.1278860909598,274.69225420270647,271.13536376953124,66.98475896784197,5.452785366035755,4.595644185753487,0.8571411802822677,285.27816723790113,261.7137181380755,-0.7128107299873898,285.9224548339844,282.8353576660156,276.7110900878906,44266128.571428575,280.4375915527344
2025-12-04,283.83440686502166,284.46382276925783,278.32954829392816,280.4375915527344,43989100,280.8101021902902,275.2453068324498,271.8846720377604,61.274353837868006,5.2868556757642295,4.733886483755636,0.552969192008594,286.06074944540154,262.0122852225672,-1.2141483369261685,283.8843688964844,285.9224548339844,277.29052734375,41180885.71428572,278.5193786621094
2025-12-05,280.27774306596746,280.8771882481053,277.79005013345267,278.5193786621094,47265800,281.0684291294643,275.6998814174107,272.5324462890625,58.90910395869985,4.943584882416019,4.775826163487713,0.1677587189283063,286.4620937287062,262.5372013152391,-0.6840070477014848,280.4375915527344,283.8843688964844,278.5893249511719,41231114.28571428,277.6302185058594
2025-12-08,277.8699843761556,279.4085531850005,275.8918244790692,277.6302185058594,38211800,281.11695643833707,276.44418552943637,273.04278564453125,66.45634226392724,4.547373224081468,4.7301355756064645,-0.1827623515249961,286.6095990819778,263.3567919092331,-0.31924534677664207,278.5193786621094,280.4375915527344,282.8353576660156,41914028.571428575,276.9208679199219
2025-12-09,277.8999627322321,279.7682096639769,276.6611317163261,276.9208679199219,32193300,280.8786054338728,277.13924734933033,273.3301940917969,65.04011659992358,4.1285426960342875,4.609816999692029,-0.4812743036577416,286.6945615058241,264.0461031670275,-0.25550193698475887,277.6302185058594,278.5193786621094,285.9224548339844,43636557.14285714,278.5193786621094
2025-12-10,277.490342786908,279.48847306800184,276.1815698919154,278.5193786621094,33038300,280.2620370047433,277.86856515066967,273.66456502278646,65.55082500580991,3.8808667267583132,4.464026945105286,-0.5831602183469728,286.95565079660247,264.137684164335,0.5772445948890148,276.9208679199219,277.6302185058594,283.8843688964844,41700928.571428575,277.77008056640625
2025-12-11,278.83908758708685,279.3286197507982,273.5540244422053,277.77008056640625,33248000,279.097412109375,278.7092067173549,273.95067036946614,68.81787484873327,3.5828191337736826,4.287785382838965,-0.7049662490652828,287.16927648711567,264.3796309835875,-0.26902907054526803,278.5193786621094,276.9208679199219,280.4375915527344,38783571.428571425,278.0198669433594
2025-12-12,277.64021728323,278.9589906850317,276.5612402656973,278.0198669433594,39532900,278.25962611607144,279.1937561035156,274.18854370117185,62.90388495823861,3.3284021934568955,4.095908744962552,-0.7675065515056563,287.3812658658603,264.700142825546,0.08992558753764257,277.77008056640625,278.5193786621094,278.5193786621094,38211314.28571428,273.8537292480469
2025-12-15,279.8880911943856,279.8880911943856,272.5849275039148,273.8537292480469,50409100,277.31907435825894,279.06458827427457,274.3218129475911,46.525838111654416,2.7588007039136073,3.828487136752763,-1.0696864328391555,287.368700343135,264.88254782581026,-1.498503592968503,278.0198669433594,277.77008056640625,277.6302185058594,39128457.14285714,274.353271484375
2025-12-16,272.5649667835892,275.2424541197232,271.53593087885605,274.353271484375,37648600,276.72391619001115,278.8961726597377,274.5156504313151,45.37251214355448,2.320941929489493,3.526978095300109,-1.206036165810616,286.961168031574,266.00441119205885,0.1824120627094583,273.8537292480469,278.0198669433594,276.9208679199219,37754571.428571425,271.5858764648437
2025-12-17,274.75292651919426,275.90184538512057,271.38608172110213,271.5858764648437,50138700,275.86043875558033,278.48869759695873,274.5843037923177,39.689464975179185,1.7306798462089432,3.167718445481876,-1.4370385992729329,286.5240490361056,266.88111758987094,-1.0086976563313588,274.353271484375,273.8537292480469,278.5193786621094,39458414.28571428,271.935546875
2025-12-18,273.35420232069225,273.374203136776,266.7004552212896,271.935546875,51630700,275.1482500348772,278.013427734375,274.6612854003906,37.54676438972405,1.2763948866573287,2.7894537337169667,-1.513058847059638,286.17232508409506,267.59550328504554,0.12875132341485518,271.5858764648437,274.353271484375,277.77008056640625,42235185.71428572,273.4141845703125
2025-12-19,271.8955859651445,274.34330788170604,269.64768928264715,273.4141845703125,144632000,274.418936593192,277.3404867989676,274.79986572265625,30.329660246942623,1.0238818155617082,2.436339350085915,-1.412457534524207,285.210498385599,269.29863857729157,0.5437456457254575,271.935546875,271.5858764648437,278.0198669433594,58177142.85714286,270.7166748046875
2025-12-22,272.6048920133635,273.62395794129594,270.25711338978425,270.7166748046875,36571800,273.4113071986607,276.25435965401783,274.89177958170575,17.727031897102435,0.5991898062994778,2.068909441328628,-1.4697196350291502,285.2701879984684,269.1869988911801,-0.9866019825797601,273.4141845703125,271.935546875,273.8537292480469,58651971.428571425,272.1053771972656
2025-12-23,270.5868091030317,272.2452609569047,269.30800689497966,272.1053771972656,29642000,272.5663800920759,275.41300310407365,274.9893544514974,24.291434874352703,0.3704052057863123,1.729208594220165,-1.3588033884338526,285.39001586399667,268.71150085963615,0.5129726100470355,270.7166748046875,273.4141845703125,274.353271484375,57238985.71428572,273.55401611328125
2025-12-24,272.085389177814,275.17249671786806,271.9455359163183,273.55401611328125,17910600,272.52356392996654,274.9213191441127,274.9413991292318,33.54042705966323,0.3024978088751027,1.4438664371511527,-1.14136862827605,285.3774882124449,268.4083211137269,0.5323815835382772,272.1053771972656,270.7166748046875,271.5858764648437,52596342.85714286,273.1444091796875
2025-12-26,273.9037084592662,275.1125687682936,272.6049054553,273.1444091796875,21521800,272.35086931501115,274.53739275251115,274.93906758626304,36.14837604579073,0.21317154241722847,1.197727458204368,-0.9845559157871395,285.3303702240258,268.0408272857398,-0.14973530252399003,273.55401611328125,272.1053771972656,271.935546875,50292514.28571428,273.50408935546875
2025-12-29,272.4350823114352,274.10350406329195,272.0954038139857,273.50408935546875,23715200,272.6248997279576,274.24266924176897,274.96604207356773,39.06838957137066,0.16944970616731325,0.9920719077969571,-0.8226222016296438,285.13925470196585,267.7234192482295,0.13168132449112857,273.1444091796875,273.55401611328125,273.4141845703125,46517728.571428575,272.82470703125
2025-12-30,272.5549704076282,273.82377221524894,272.0254670796708,272.82470703125,22139600,272.7519226074219,273.95008632114957,274.9883544921875,39.13052632601868,0.07906791451057416,0.8094711091396806,-0.7304031946291064,284.230047784147,267.6315611025717,-0.2483993295382736,273.50408935546875,273.1444091796875,270.7166748046875,42304714.28571428,271.6058349609375
2025-12-31,272.80472532736104,273.42414083736213,271.4959524300237,271.6058349609375,27293600,272.4935869489397,273.45626177106584,275.1348836263021,31.27715949493475,-0.08987704939937657,0.6296014774318691,-0.7194785268312457,282.2605669722994,268.1693799271147,-0.4467601499789753,272.82470703125,273.50408935546875,272.1053771972656,25542085.714285713,270.75665283203125
2026-01-02,272.0054842546519,277.5802543100492,268.7485221479618,270.75665283203125,37838100,272.4992980957031,272.9553026471819,275.25377197265624,31.10886062630712,-0.28895812201193394,0.4458895575431085,-0.7348476795550425,280.57423745205557,268.5429378409132,-0.3126523879828924,271.6058349609375,272.82470703125,273.55401611328125,25722985.714285713,267.0101623535156
2026-01-05,270.38700744645297,271.25618925068443,265.89121426121545,267.0101623535156,45647200,271.7714102608817,272.16889517647877,275.2104797363281,25.04537631909527,-0.7405056886183274,0.2086105083108213,-0.9491161969291487,280.1329633206157,267.6414690524312,-1.3837113287258118,270.75665283203125,271.6058349609375,273.1444091796875,28009442.85714286,262.1147155761719
2026-01-06,266.7503924619391,267.2998660934885,261.8749496989937,262.1147155761719,52352100,270.13722446986606,271.33039419991627,275.0809336344401,24.243848611702703,-1.4763634317178003,-0.12838427969490301,-1.3479791520228972,280.8667622446443,265.26720381980886,-1.8334308830022295,267.0101623535156,270.75665283203125,273.50408935546875,32929657.14285714,260.08660888671875
2026-01-07,262.95395138764474,263.4334831315393,259.5671060011504,260.08660888671875,48309800,268.2718244280134,270.3113468715123,274.7092814127604,20.66563758894634,-2.197851787644197,-0.5422777812847619,-1.655574006359435,281.6070512602001,262.77255384233894,-0.773747740562758,262.1147155761719,267.0101623535156,272.82470703125,36756514.28571428,258.7978515625
2026-01-08,256.7797203952787,259.0476178563403,255.4609622909548,258.7978515625,50419300,266.17093331473217,269.3979165213449,274.1471405029297,22.00358642290412,-2.8408805506279577,-1.001998335153401,-1.8388822154745568,282.1589342689794,260.4083691978174,-0.4955108337700187,260.08660888671875,262.1147155761719,271.6058349609375,40571385.71428572,259.1275329589844
2026-01-09,258.8377955175017,259.9667440583015,255.98048371428257,259.1275329589844,39997000,264.21419416155135,268.4830583844866,273.56102193196614,21.935262122470476,-3.286003936714735,-1.4587994554656678,-1.8272044812490673,281.9071990172739,258.72091987921044,0.1273895414872772,258.7978515625,260.08660888671875,270.75665283203125,43122442.85714286,260.0067138671875
2026-01-12,258.9177364764393,261.05572011368304,256.5599267903311,260.0067138671875,45263800,262.5571768624442,267.525381905692,272.9848948160807,19.829139654982967,-3.527165902519073,-1.8724727448763487,-1.6546931576427242,281.33145342460375,257.5203288019587,0.33928502238405045,259.1275329589844,258.7978515625,267.0101623535156,45689614.28571428,260.8059387207031
2026-01-13,258.4781303943212,261.56523797230057,258.148452318208,260.8059387207031,45730800,261.1356462751116,266.8174721854074,272.3921152750651,25.614490363835955,-3.61215901103094,-2.220409998107267,-1.3917490129236727,280.3430298950354,256.78735950926153,0.30738623692765366,260.0067138671875,259.1275329589844,262.1147155761719,46817142.85714286,259.71697998046875
2026-01-14,259.247418118488,261.57525710051715,256.4700180914029,259.71697998046875,40019400,260.09376307896207,265.9325866699219,271.6215026855469,19.0618164635587,-3.7244533515529383,-2.5212186687964016,-1.2032346827565368,279.9912839982894,255.72543047924967,-0.41753602144793955,260.8059387207031,260.0067138671875,260.08660888671875,46013171.428571425,257.9685974121094
2026-01-15,260.40631875644857,260.7959687899761,256.8096782083212,257.9685974121094,39388600,259.50146048409596,264.81934247698103,270.68970743815106,11.651851618241807,-3.9094614488503794,-2.7988672248071973,-1.110594224043182,279.532811558103,254.5454355122095,-0.673187624656213,259.71697998046875,260.8059387207031,258.7978515625,44161242.85714286,255.29112243652344
2026-01-16,257.6589020182799,258.6579671912775,254.69167723491492,255.29112243652344,72142800,258.81639099121094,263.54410770961215,269.736599222819,10.482031314911495,-4.223446292946619,-3.0837830384350817,-1.1396632545115373,279.56608744649225,252.88268422098827,-1.0379073276537754,257.9685974121094,259.71697998046875,259.1275329589844,47565957.14285714,246.4693756103516
2026-01-20,252.49373739571587,254.55180921698133,243.1924430560896,246.4693756103516,80267500,257.05518014090404,261.6130567278181,268.6043253580729,6.4670844654244775,-5.125044464136124,-3.4920353235752906,-1.6330091405608336,280.65036678631634,249.2517877546993,-3.4555634923675527,255.29112243652344,257.9685974121094,260.0067138671875,51829985.71428572,247.41848754882807
2026-01-21,248.4675090444481,251.3248360900433,244.9507953165175,247.41848754882807,54641700,255.38245936802454,259.79832676478793,267.5676289876302,9.441701077837536,-5.697307099302009,-3.9330896787206346,-1.764217420581374,280.6509842908188,246.65160054804844,0.3850831106810393,246.4693756103516,255.29112243652344,260.8059387207031,53922085.71428572,248.1178436279297
2026-01-22,248.96703988447877,250.76536025794263,247.9180183962477,248.1178436279297,39708300,253.68404933384485,258.12061309814453,266.5838831583659,11.871507757181831,-6.024945350181099,-4.351460813012728,-1.6734845371683713,280.518621310132,244.5240804110594,0.28266120532467465,247.41848754882807,246.4693756103516,259.71697998046875,53128442.85714286,247.80812072753903
2026-01-23,247.0888078223564,249.176850391454,244.45126111041236,247.80812072753903,41689000,251.82721819196428,256.48143223353793,265.61345825195315,12.083135213467656,-6.23768887953139,-4.72870642631646,-1.50898245321493,279.85168760771097,242.76128846650778,-0.1248289505752398,248.1178436279297,247.41848754882807,257.9685974121094,52551042.85714286,255.17123413085935
2026-01-26,251.24490015634893,256.32015295784896,249.5664780183616,255.17123413085935,55969200,251.17782592773438,255.63579450334822,264.83518676757814,32.527251484745335,-5.745912639532037,-4.932147668959575,-0.8137649705724614,278.18376544087903,242.59093243509753,2.9712962519965025,247.80812072753903,248.1178436279297,255.29112243652344,54829585.71428572,258.0285339355469
2026-01-27,258.92771692213245,261.7051166970889,257.96859246831417,258.0285339355469,49648300,251.18638828822546,255.34392438616072,264.17713521321616,43.583281336710954,-5.067204630730913,-4.959159061313843,-0.10804556941706966,276.4010828634546,242.86202748810794,1.1197578028024235,255.17123413085935,247.80812072753903,246.4693756103516,56295257.14285714,256.2002868652344
2026-01-28,257.409147241713,258.61800761819165,254.2720830679268,256.2002868652344,41288000,251.31626892089844,255.0663299560547,263.44981587727864,43.858580539126606,-4.623550491202479,-4.892037347291571,0.2684868560890914,274.259224854843,243.27350524769608,-0.7085445328186779,258.0285339355469,255.17123413085935,247.41848754882807,51887428.571428575,258.0385437011719
2026-01-29,257.75880668092503,259.4072580677027,254.17216647920577,258.0385437011719,67253000,252.96900721958704,255.01209368024553,262.9226430257161,48.82057539197228,-4.076626611597447,-4.728955200152747,0.6523285885552994,272.035306797119,244.01880697241225,0.7175077196164281,256.2002868652344,258.0285339355469,248.1178436279297,50028214.28571428,259.2374267578125
2026-01-30,254.9314433110553,261.6551472598355,251.94423313215475,259.2374267578125,92443400,254.65742710658483,255.0199432373047,262.4187815348307,50.16620879628091,-3.5060303183674364,-4.484370223795684,0.978339905428248,269.9031023379359,244.91417061128283,0.46461394466286166,258.0385437011719,256.2002868652344,247.80812072753903,55428457.14285714,269.7575988769531
2026-02-02,259.7869174093499,270.2371306501278,258.9676766447768,269.7575988769531,73913400,257.74882071358815,255.7164350237165,262.3578389485677,61.4179111944608,-2.179811169513755,-4.0234584129392985,1.8436472434255435,269.6345299202118,245.08283763349914,4.058122413384724,259.2374267578125,258.0385437011719,255.17123413085935,60314900.0,269.22808837890625
2026-02-03,268.9483513556569,271.6258386480508,267.3598109321867,269.22808837890625,64394700,260.8088160923549,256.3180171421596,262.26759033203126,59.92470262968999,-1.1581495835663986,-3.4503966470647187,2.29224706349832,270.14607021282285,244.7930899434271,-0.19629122599374993,269.7575988769531,259.2374267578125,258.0285339355469,63558571.428571425,276.23150634765625
2026-02-04,272.03545112075,278.68922850453845,272.03545112075,276.23150634765625,90545700,263.8174264090402,257.4976261683873,262.3615010579427,67.07997745175831,0.2141730306636873,-2.717482711519038,2.931655742182725,273.2804000752696,243.0704391581289,2.6012954335186356,269.22808837890625,269.7575988769531,256.2002868652344,68498071.42857143,275.6520690917969
2026-02-05,277.86999494352693,279.2387093202658,272.97458180817284,275.6520690917969,52977400,266.3350742885045,258.760731288365,262.52601420084636,68.7421200565383,1.2406909327336848,-1.9258479826684936,3.166538915402178,275.9578934669642,241.949491786942,-0.20976508564164442,276.23150634765625,269.22808837890625,258.0385437011719,68973657.14285715,277.8599853515625
2026-02-06,276.8609202349588,280.6473855638201,276.6710954236804,277.8599853515625,50453400,269.42931692940846,260.3727929251535,262.71783447265625,74.16046132279104,2.2069339943056434,-1.0992915872736664,3.3062255815793096,278.8953492757728,240.91824935703968,0.8009793893585249,275.6520690917969,276.23150634765625,259.2374267578125,70283000.0,274.6199951171875
2026-02-09,277.9100036621094,278.20001220703125,271.70001220703125,274.6199951171875,44623400,271.798095703125,262.38355146135603,262.7533671061198,84.22614707782287,2.6803510296120976,-0.3433630638965136,3.023714093508611,280.768359503644,240.5944853449888,-1.166051394653178,277.8599853515625,275.6520690917969,269.7575988769531,67050200.0,273.67999267578125
2026-02-10,274.8900146484375,275.3699951171875,272.94000244140625,273.67999267578125,34376900,273.861319405692,264.2593732561384,262.77121988932294,81.93639419654751,2.945730551638974,0.3144556592105838,2.63127489242839,282.26944811113486,240.46072461835735,-0.3422920610733904,274.6199951171875,277.8599853515625,269.22808837890625,58754985.71428572,275.5
2026-02-11,274.70001220703125,280.17999267578125,274.45001220703125,275.5,51931300,274.6816624232701,266.2152415684291,262.83775024414064,82.41567758691632,3.265265171094711,0.9046175615874092,2.3606476095073017,283.9336163018896,240.26596255553233,0.6650129249217152,273.67999267578125,274.6199951171875,276.23150634765625,55614685.71428572,261.7300109863281
2026-02-12,275.5899963378906,275.7200012207031,260.17999267578125,261.7300109863281,81077200,273.61050851004467,267.2096623011998,262.4679270426432,62.49805142805326,2.3799411462603075,1.199682278521989,1.1802588677383186,284.00655948877807,240.3943224692298,-4.998181130189428,275.5,273.67999267578125,275.6520690917969,57997900.0,255.77999877929688
2026-02-13,262.010009765625,262.2300109863281,255.4499969482422,255.77999877929688,56290700,270.6888645717076,267.25314549037387,261.9403991699219,50.56073085031627,1.1845445274245776,1.1966547283025069,-0.012110200877929245,284.00823043046034,240.17379166426622,-2.2733396848946263,261.7300109863281,275.5,277.8599853515625,53104328.571428575,263.8800048828125
2026-02-17,258.04998779296875,266.2900085449219,255.5399932861328,263.8800048828125,58469100,269.00714111328125,267.67110770089283,261.7111775716146,54.915067240250536,0.8806354750282708,1.1334508776476597,-0.25281540261938895,284.21209784752887,240.82881249182662,3.1667863563111576,255.77999877929688,261.7300109863281,274.6199951171875,53888857.14285714,264.3500061035156
2026-02-18,263.6000061035156,266.82000732421875,262.45001220703125,264.3500061035156,34203300,267.07714407784596,268.2532305036272,261.6225056966146,57.00537660358986,0.6699873350584653,1.0407581691298209,-0.3707708340713556,283.7523136447568,243.07665974391512,0.17811172199722058,263.8800048828125,255.77999877929688,273.67999267578125,51567414.28571428,260.5799865722656
2026-02-19,262.6000061035156,264.4800109863281,260.04998779296875,260.5799865722656,30845300,265.07142857142856,268.4347621372768,261.57134806315105,52.11436748223766,0.19657213646326,0.8719209625965088,-0.6753488261332488,283.0364074330874,245.10871585792816,-1.4261469431454121,264.3500061035156,263.8800048828125,275.5,49599114.28571428,264.5799865722656
2026-02-20,258.9700012207031,264.75,258.1600036621094,264.5799865722656,42070500,263.7714276994978,268.8163735525949,261.72112731933595,54.2468353417045,0.142510973615515,0.72603896480031,-0.583527991184795,282.30942451104056,247.4819130744087,1.5350373037534393,260.5799865722656,264.3500061035156,261.7300109863281,50698200.0,266.17999267578125
2026-02-23,263.489990234375,269.42999267578125,263.3800048828125,266.17999267578125,37308200,262.4399980817522,268.56083025251115,261.9671986897786,46.686193731778175,0.22616711954384527,0.6260645957490171,-0.3998974762051718,281.25974290127,250.36878187900348,0.6047343656806037,264.5799865722656,260.5799865722656,255.77999877929688,48609185.71428572,272.1400146484375
2026-02-24,267.8599853515625,274.8900146484375,267.7099914550781,272.1400146484375,47014600,263.92714146205356,268.7688249860491,262.4009480794271,52.45066967198041,0.7645756291919952,0.6537668024376128,0.11080882675438242,281.4987722502108,251.8266305818205,2.2390946489790453,266.17999267578125,264.5799865722656,263.8800048828125,43743100.0,274.2300109863281
2026-02-25,271.7799987792969,274.94000244140625,271.04998779296875,274.2300109863281,33714300,266.5628574916295,268.62586103166853,262.87505798339845,48.163678321576505,1.3444159001247726,0.7918966219750447,0.5525192781497279,282.0914991862085,252.85405135090087,0.7679856784716499,272.1400146484375,266.17999267578125,264.3500061035156,40517900.0,272.95001220703125
2026-02-26,274.95001220703125,276.1099853515625,270.79998779296875,272.95001220703125,32345100,267.8585728236607,268.43285696847096,263.2798604329427,47.55239458469962,1.681277567035579,0.9697728109871517,0.7115047560484273,282.1058530312043,254.5146700400848,-0.4667610137537803,274.2300109863281,272.1400146484375,260.5799865722656,36785900.0,264.17999267578125
2026-02-27,272.8099975585937,272.8099975585937,262.8900146484375,264.17999267578125,72366500,267.8342851911272,267.4557146344866,263.4286275227865,38.924889092251334,1.2264379694781269,1.0211058426853468,0.20533212679278012,281.7055142783981,255.52915369035196,-3.2130496937285313,272.95001220703125,274.2300109863281,264.5799865722656,42237785.71428572,264.7200012207031
2026-03-02,262.4100036621094,266.5299987792969,260.20001220703125,264.7200012207031,41827900,268.4257158551897,266.74857221330916,263.65367431640624,41.618710667856504,0.8991832630724161,0.9967213267627607,-0.09753806369034457,281.36780506244213,256.4151203525969,0.2044093269336189,264.17999267578125,272.95001220703125,266.17999267578125,43806728.571428575,263.75
2026-03-03,263.4800109863281,265.5599975585937,260.1300048828125,263.75,38568900,268.30714634486606,266.0392870221819,263.93563690185545,41.59758173472213,0.555161008105074,0.9084092630312234,-0.3532482549261494,281.2672991827638,255.91486634457993,-0.36642536122324376,264.7200012207031,264.17999267578125,272.1400146484375,43306500.0,262.5199890136719
2026-03-04,264.6499938964844,266.1499938964844,261.4200134277344,262.5199890136719,39803100,267.78428867885043,265.11214338030135,264.4706573486328,38.90599087812759,0.18118074666455186,0.7629635597578892,-0.5817828130933373,281.2127987488118,255.2985568420086,-0.4663548763329417,263.75,264.7200012207031,274.2300109863281,43662914.28571428,260.2900085449219
2026-03-05,260.7900085449219,261.5599975585937,257.25,260.2900085449219,49658600,266.0914306640625,265.009286063058,264.8997080485026,48.4667803492099,-0.291778649369121,0.5520151179324873,-0.8437937673016083,280.3107552874417,254.60645052310517,-0.8494516844711031,262.5199890136719,263.75,272.95001220703125,44040628.571428575,257.4599914550781
2026-03-06,258.6300048828125,258.7699890136719,254.3699951171875,257.4599914550781,41120000,263.69571358816967,265.12928553989957,265.2111129760742,51.916046199511044,-0.8847621189628398,0.2646596705534218,-1.1494217895162617,279.5339004368728,253.56409761000222,-1.0872553678353492,260.2900085449219,262.5199890136719,264.17999267578125,45098585.71428572,259.8800048828125
2026-03-09,255.69000244140625,261.1499938964844,253.67999267578125,259.8800048828125,38218500,261.8285696847098,264.8435712541853,265.61350911458334,44.75892293051191,-1.1462180439937697,-0.017515872356016482,-1.1287021716377532,277.80045586022743,253.49954413977252,0.9399570838394267,257.4599914550781,260.2900085449219,264.7200012207031,45937642.85714286,260.8299865722656
2026-03-10,257.6499938964844,262.4800109863281,256.95001220703125,260.8299865722656,30590800,261.3499973842076,264.5921412876674,265.80213419596356,45.44511822379197,-1.2622181006969981,-0.2664563180242128,-0.9957617826727854,276.51834488197613,253.40265426353173,0.36554627966916,259.8800048828125,257.4599914550781,263.75,39969685.71428572,260.8099975585937
2026-03-11,261.0899963378906,262.1300048828125,259.54998779296875,260.8099975585937,26218900,260.79142543247764,264.60857064383373,265.8948496500651,50.32962265487708,-1.3403116493392417,-0.4812273842872186,-0.8590842650520232,275.24680707856066,253.38719255522832,-0.007663617950770529,260.8299865722656,259.8800048828125,262.5199890136719,37739828.571428575,255.75999450683597
2026-03-12,258.6600036621094,258.95001220703125,254.17999267578125,255.75999450683597,40794000,259.64999607631137,263.9785712105887,265.8801732381185,37.7295767496106,-1.7890710930101363,-0.7427961260318021,-1.0462749669783342,273.54987407158353,253.11012501288917,-1.9362766377938323,260.8099975585937,260.8299865722656,260.2900085449219,38057700.0,250.1199951171875
2026-03-13,255.47999572753903,256.3299865722656,249.5200042724609,250.1199951171875,36930000,257.87856837681363,262.83142852783203,265.61622161865233,29.914981382617356,-2.5701894563936207,-1.1082747921041658,-1.461914664289455,274.5488952385716,250.95010225898693,-2.2051921765652516,255.75999450683597,260.8099975585937,257.4599914550781,37647257.14285714,252.82000732421875
2026-03-16,252.1100006103516,253.88999938964844,249.8800048828125,252.82000732421875,32074200,256.8114253452846,261.4514280046736,265.40230763753254,23.69282322259363,-2.9375012806330005,-1.474120089809933,-1.4633811908230676,274.83523287377915,250.36776547827168,1.079486750256109,250.1199951171875,255.75999450683597,259.8800048828125,35135200.0,254.22999572753903
2026-03-17,252.9600067138672,255.1300048828125,252.17999267578125,254.22999572753903,32361600,256.3499973842076,260.02285548618863,264.8847208658854,22.253049321335695,-3.0793276944515355,-1.7951616107382535,-1.284166083713282,274.88982484825345,249.34817258826996,0.5577044389181163,252.82000732421875,250.1199951171875,260.8299865722656,33884000.0,249.94000244140625
2026-03-18,252.6300048828125,254.94000244140625,249.0,249.94000244140625,35757900,254.92999703543526,258.3792833600725,264.2417846679688,20.537773397906008,-3.497574888280667,-2.1356442662467363,-1.3619306220339307,275.2219313199017,247.57506575041077,-1.6874457610149274,254.22999572753903,252.82000732421875,260.8099975585937,33532485.714285713,248.9600067138672
2026-03-19,249.3999938964844,251.8300018310547,247.3000030517578,248.9600067138672,34864100,253.23428562709265,257.29214150565014,263.3327346801758,25.655808323021645,-3.863579330220773,-2.481231279041544,-1.3823480511792292,275.7204103610041,245.9145887234685,-0.39209238936004365,249.94000244140625,254.22999572753903,255.75999450683597,34142957.14285714,247.9900054931641
2026-03-20,247.97999572753903,249.1999969482422,246.0,247.9900054931641,88331100,251.4028581891741,256.0971418108259,262.41066589355466,23.603656525434104,-4.183684567805756,-2.821721936794386,-1.3619626310113695,275.8265709179255,244.14943005863705,-0.3896213024359052,248.9600067138672,249.94000244140625,250.1199951171875,43016128.571428575,251.4900054931641
2026-03-23,253.97000122070312,254.6000061035156,250.27999877929688,251.4900054931641,40546100,250.79285975864954,255.22142791748047,261.5316665649414,32.08649980090438,-4.107599673403058,-3.078897484116121,-1.0287021892869372,275.24476093585344,243.26224132244735,1.411347200480817,247.9900054931641,248.9600067138672,252.82000732421875,42980714.28571428,251.63999938964844
2026-03-24,250.3500061035156,254.8300018310547,249.5500030517578,251.63999938964844,45152300,251.01000322614397,254.4442858014788,260.7656667073568,33.584792028587415,-3.9892134233861896,-3.2609606719701345,-0.728252751416055,273.3460224428235,243.1109782895984,0.05964209042430557,251.4900054931641,247.9900054931641,254.22999572753903,44155328.571428575,252.6199951171875
2026-03-25,254.1000061035156,255.0,251.6000061035156,252.6199951171875,28476700,250.98143005371094,253.89642769949776,260.06366678873695,37.97425957275365,-3.772823244413871,-3.363333186458882,-0.40949005795498916,270.42734522847456,243.86865391703327,0.389443542328749,251.63999938964844,251.4900054931641,249.94000244140625,43641400.0,252.88999938964844
2026-03-26,252.1199951171875,257.0,250.7700042724609,252.88999938964844,41796700,250.79000200544084,253.56999969482422,259.3100001017253,42.20934787731981,-3.5387528403570343,-3.3984171172385125,-0.14033572311852183,267.251437145474,245.0385607182955,0.10688159198788405,252.6199951171875,251.63999938964844,248.9600067138672,44989271.428571425,248.8000030517578
2026-03-27,253.8999938964844,255.4900054931641,248.07000732421875,248.8000030517578,47900000,250.62714494977678,252.77857099260603,258.8789998372396,32.12900291541739,-3.641304193587473,-3.4469945325083047,-0.19430966107916836,266.2676886289051,244.4843102724621,-1.6173025219509918,252.88999938964844,252.6199951171875,247.9900054931641,46723857.14285714,246.6300048828125
2026-03-30,250.07000732421875,250.8699951171875,245.50999450683597,246.6300048828125,39446200,250.2942875453404,251.7642865862165,258.5740000406901,27.964005895145135,-3.8532596183581234,-3.5282475496782686,-0.32501206867985477,265.09725678094463,243.8457424866335,-0.8721857485242457,248.8000030517578,252.88999938964844,251.4900054931641,47378442.85714286,253.7899932861328
2026-03-31,247.91000366210935,255.47999572753903,247.1000061035156,253.7899932861328,49598100,251.12285723005022,251.26285770961218,258.23766632080077,41.082304869751674,-3.4042426042427962,-3.5034465605911747,0.09920395634837842,263.6603943107367,244.28660428545467,2.9031294901536553,246.6300048828125,248.8000030517578,251.63999938964844,41845157.14285714,255.6300048828125
2026-04-01,254.0800018310547,256.17999267578125,253.3300018310547,255.6300048828125,40059400,251.71428571428572,251.25357273646765,257.946999613444,49.82020788265706,-2.8668723079302367,-3.376131710058987,0.5092594021287504,262.4910851665193,244.76691501658615,0.7250134541771258,253.7899932861328,246.6300048828125,252.6199951171875,41775628.571428575,255.9199981689453
2026-04-02,254.1999969482422,256.1300048828125,250.6499938964844,255.9199981689453,31289400,252.32571411132812,251.66785866873605,257.7916666666667,59.41559776607169,-2.3900514169632743,-3.1789156514398447,0.7888642344765704,261.7830538638975,245.03794528161032,0.11344258521832629,255.6300048828125,253.7899932861328,252.88999938964844,39795214.28571428,258.8599853515625
2026-04-06,256.510009765625,262.1600036621094,256.4599914550781,258.8599853515625,29329900,253.2171412876674,252.09928567068917,257.6009999593099,59.7293625020524,-1.7547078505899378,-2.8940740912698635,1.1393662406799256,262.0174027127651,244.94359582239113,1.1487914987700076,255.9199981689453,255.6300048828125,248.8000030517578,39917100.0,253.5
2026-04-07,256.1600036621094,256.20001220703125,245.6999969482422,253.5,62148000,253.30428423200334,252.0471431187221,257.17833353678384,48.95684926220001,-1.6645120605292902,-2.648161685121749,0.9836496245924589,261.1507735059847,245.17222454089026,-2.0706117804507373,258.8599853515625,255.9199981689453,246.6300048828125,42824428.571428575,258.8999938964844
2026-04-08,258.45001220703125,259.75,256.5299987792969,258.8999938964844,41032800,254.74714006696428,252.68714250837053,256.73699951171875,62.409979347768214,-1.1441083009556223,-2.347351008288524,1.2032427073329015,260.7031830485401,245.4268157307568,2.130175107094434,253.5,258.8599853515625,253.7899932861328,41843400.0,260.489990234375
2026-04-09,259.0,261.1199951171875,256.07000732421875,260.489990234375,28121600,256.72713797433033,253.51071275983537,256.27899881998695,65.70416859428148,-0.5965089717604144,-1.9971826009829021,1.4006736292224877,260.619915088513,245.47808295836197,0.6141353323192211,258.8999938964844,253.5,255.6300048828125,40225600.0,260.4800109863281
2026-04-10,259.9800109863281,262.19000244140625,259.0199890136719,260.4800109863281,31291500,257.68285478864397,254.4028560093471,255.86333211263022,67.46857643090397,-0.16147640061961965,-1.6300413609102458,1.468564960290626,261.4802574273757,245.0897422674485,-0.0038309525974056235,260.489990234375,258.8999938964844,255.9199981689453,37610371.428571425,259.20001220703125
2026-04-13,259.7300109863281,260.17999267578125,256.6600036621094,259.20001220703125,36234700,258.19285583496094,254.95357077462333,255.69733276367188,61.49720330733763,0.0790931060637945,-1.2882144675154379,1.3673075735792324,262.19779809140266,245.28020331240597,-0.4914000020385667,260.4800109863281,260.489990234375,258.8599853515625,37063985.71428572,258.8299865722656
2026-04-14,259.25,261.92999267578125,257.19000244140625,258.8299865722656,48370700,258.6085684640067,255.4671412876674,255.5009989420573,60.65184731062913,0.2371544284006859,-0.9831406883322132,1.220295116732899,262.7830512591999,245.29594806941338,-0.1427567968129817,259.20001220703125,260.4800109863281,253.5,39504171.428571425,266.42999267578125
2026-04-15,258.1600036621094,266.5599975585937,257.8099975585937,266.42999267578125,49913500,259.6899980817522,256.4535696847098,255.59033203125,67.10429733536029,0.9645573253450266,-0.5936010855967653,1.5581584109417919,265.00306061665765,244.29593840677984,2.9362927395561567,258.8299865722656,259.20001220703125,258.8999938964844,42444685.71428572,263.3999938964844
2026-04-16,266.79998779296875,267.1600036621094,261.2699890136719,263.3999938964844,43323100,261.10428292410717,257.20428357805525,255.61966552734376,62.18409978189074,1.2817584693279969,-0.21852917461181287,1.5002876439398096,266.1271306615626,244.51786750738276,-1.1372588907376024,266.42999267578125,258.8299865722656,260.489990234375,39755414.28571428,270.2300109863281
2026-04-17,266.9599914550781,272.29998779296875,266.7200012207031,270.2300109863281,61436200,262.7228567940848,258.73499843052457,255.95099894205728,73.35951312898456,2.0605156181417215,0.23727978393889404,1.8232358342028274,268.64330431273896,244.12869428345246,2.5930209749845057,263.3999938964844,266.42999267578125,260.4800109863281,42670185.71428572,273.04998779296875
2026-04-20,270.3299865722656,274.2799987792969,270.2900085449219,273.04998779296875,36590200,264.5171421595982,260.6221400669643,256.4706654866537,78.39639561627588,2.872126740754652,0.7642491753020456,2.1078775654526063,271.3229722472427,243.95502457892914,1.043546864520284,270.2300109863281,263.3999938964844,259.20001220703125,43879985.71428572,266.1700134277344
2026-04-21,271.5,272.79998779296875,265.3999938964844,266.1700134277344,50209800,265.3299996512277,261.5064272199358,256.680332438151,63.38671605979578,2.926443747959695,1.1966880898335757,1.7297556581261193,272.2418270614533,244.50417055817564,-2.5196757637106715,273.04998779296875,270.2300109863281,258.8299865722656,46582600.0,273.1700134277344
2026-04-22,267.82000732421875,273.739990234375,266.8699951171875,273.1700134277344,43249200,267.3257141113281,262.75928497314453,257.09166666666664,67.06228740827645,3.494054579838746,1.6561613878346098,1.8378931920041364,274.41667180933393,244.48232721410352,2.6298980526972437,266.1700134277344,273.04998779296875,266.42999267578125,47584671.428571425,273.42999267578125
2026-04-23,275.04998779296875,275.7699890136719,271.6499938964844,273.42999267578125,33399600,269.4114292689732,264.00999886649,257.5123331705729,67.04304280398588,3.9196847205587346,2.108866054379435,1.8108186661792995,276.32624316412387,244.65375561517303,0.09517122497622044,273.1700134277344,266.1700134277344,263.3999938964844,45445942.85714286,271.0599975585937
2026-04-24,272.760009765625,273.0599975585937,269.6499938964844,271.0599975585937,38157100,270.07285853794644,264.88142830984935,258.02233327229817,62.00790334324148,4.019427417238205,2.4909783269511894,1.5284490902870158,277.4817946518433,245.31520394434813,-0.8667648687676222,273.42999267578125,273.1700134277344,270.2300109863281,43766457.14285714,267.6099853515625
2026-04-27,266.0899963378906,268.3599853515625,265.07000732421875,267.6099853515625,41466800,270.6742858886719,265.8892844063895,258.60533294677737,64.43035256606322,3.77655331501893,2.7480933245647376,1.0284599904541922,277.4933865525544,247.18461027361755,-1.2727854490168444,271.0599975585937,273.42999267578125,273.04998779296875,43501271.428571425,270.7099914550781
2026-04-28,272.3399963378906,273.2300109863281,268.6600036621094,270.7099914550781,40018900,270.7428545270647,266.7328556605748,259.20166575113933,62.67440032489225,3.790523627064715,2.956579385064733,0.8339442419999821,277.19408050998857,249.89191497340983,1.1584044965448959,267.6099853515625,271.0599975585937,266.1700134277344,40441657.14285714,270.1700134277344
2026-04-29,267.54998779296875,271.0400085449219,267.0400085449219,270.1700134277344,30047900,270.3314296177455,267.4242858886719,259.7329996744792,60.628057038585276,3.7151970075168492,3.1083029095551566,0.6068940979616926,277.50536430789373,251.21863318966487,-0.19946734305643643,270.7099914550781,267.6099853515625,273.1700134277344,39507042.85714286,271.3500061035156
2026-04-30,270.5,276.0,268.1400146484375,271.3500061035156,91848200,271.07142857142856,268.2007141113281,260.44666646321616,61.63562856724718,3.707972467676825,3.2282368211794905,0.4797356464973346,277.9688854245542,252.3271121950747,0.4367593060422559,270.1700134277344,270.7099914550781,273.42999267578125,45455385.71428572,280.1400146484375
2026-05-01,278.8599853515625,287.2200012207031,278.3699951171875,280.1400146484375,79915400,272.06714303152904,269.69642857142856,261.48600006103516,69.31023031722088,4.361253382010375,3.4548401333456678,0.9064132486647072,280.05537616350125,252.66262310407683,3.2393618379240596,271.3500061035156,270.1700134277344,271.0599975585937,50693414.28571428,276.8299865722656
2026-05-04,279.6600036621094,280.6300048828125,274.8599853515625,276.8299865722656,46668400,272.5528564453125,270.98214285714283,262.44733276367185,65.7452838146777,4.559334441215185,3.6757389949195716,0.8835954462956135,281.23730673192665,253.27769265772176,-1.1815620415119188,280.1400146484375,271.3500061035156,267.6099853515625,52588957.14285714,284.17999267578125
2026-05-05,276.92999267578125,284.57000732421875,276.5,284.17999267578125,49311700,274.42714146205356,272.25,263.53699900309243,65.59480616422121,5.248893200231976,3.9903698359820527,1.258523364249923,283.143137020474,254.43986163675257,2.6550613950909296,276.8299865722656,280.1400146484375,270.7099914550781,54182471.428571425,287.510009765625
2026-05-06,281.9200134277344,288.0299987792969,281.07000732421875,287.510009765625,58336100,277.27000209263394,273.9721439906529,264.732666015625,71.07150801453278,5.994971731412363,4.391290215068115,1.6036815163442482,286.0498187299426,254.394181514198,1.171798569803939,284.17999267578125,276.8299865722656,270.1700134277344,56592371.428571425,287.44000244140625
2026-05-07,289.2699890136719,292.1300048828125,285.7799987792969,287.44000244140625,45224300,279.6600036621094,275.20142909458707,265.89333292643227,67.05648929767202,6.505602797141194,4.814152731482731,1.6914500656584623,288.4617392395563,254.67726222528742,-0.024349525874178823,287.510009765625,284.17999267578125,271.3500061035156,57336000.0,293.32000732421875
